-- Insert sample data for all tables
-- This script will populate all tables with meaningful test data

-- Sample Data Insertion Script for Oracle Database
-- Note: This script handles auto-generated identity columns properly

-- Clear existing data first (in dependency order)
DELETE FROM INVOICE_DETAILS;
DELETE FROM INVOICES;
DELETE FROM Employees;
DELETE FROM JOBS;
DELETE FROM Products;
DELETE FROM Product_Type;
DELETE FROM Clients;
DELETE FROM Client_Type;

-- Commit the deletions
COMMIT;

-- 1. Insert Client Types (5 records) - Manual PK values
INSERT INTO Client_Type (TYPE_NAME, DISCOUNT_RATE, REMARKS) VALUES ('Premium Corporate', 15.00, 'High-volume corporate clients');
INSERT INTO Client_Type (TYPE_NAME, DISCOUNT_RATE, REMARKS) VALUES ('Standard Corporate', 10.00, 'Regular corporate clients');
INSERT INTO Client_Type (TYPE_NAME, DISCOUNT_RATE, REMARKS) VALUES ('Small Business', 8.00, 'Small business clients');
INSERT INTO Client_Type (TYPE_NAME, DISCOUNT_RATE, REMARKS) VALUES ('Government', 12.00, 'Government agencies');
INSERT INTO Client_Type (TYPE_NAME, DISCOUNT_RATE, REMARKS) VALUES ('Non-Profit', 20.00, 'Non-profit organizations');

-- Commit Client Types
COMMIT;

-- 2. Insert Product Types (5 records) - Manual PK values
INSERT INTO Product_Type (PRODUCTTYPE_NAME, REMARKS) VALUES ('Electronics', 'Electronic devices and components');
INSERT INTO Product_Type (PRODUCTTYPE_NAME, REMARKS) VALUES ('Office Supplies', 'General office supplies');
INSERT INTO Product_Type (PRODUCTTYPE_NAME, REMARKS) VALUES ('Furniture', 'Office and home furniture');
INSERT INTO Product_Type (PRODUCTTYPE_NAME, REMARKS) VALUES ('Software', 'Software licenses and tools');
INSERT INTO Product_Type (PRODUCTTYPE_NAME, REMARKS) VALUES ('Hardware', 'Computer hardware components');

-- Commit Product Types
COMMIT;

-- 3. Insert Jobs (5 records) - Manual PK values
INSERT INTO JOBS (JOB_TITLE, MIN_SALARY, MAX_SALARY) VALUES ('Software Developer', 50000, 90000);
INSERT INTO JOBS (JOB_TITLE, MIN_SALARY, MAX_SALARY) VALUES ('Project Manager', 70000, 120000);
INSERT INTO JOBS (JOB_TITLE, MIN_SALARY, MAX_SALARY) VALUES ('Database Administrator', 60000, 100000);
INSERT INTO JOBS (JOB_TITLE, MIN_SALARY, MAX_SALARY) VALUES ('System Analyst', 55000, 85000);
INSERT INTO JOBS (JOB_TITLE, MIN_SALARY, MAX_SALARY) VALUES ('HR Manager', 50000, 80000);

-- Commit Jobs
COMMIT;

-- 4. Insert Clients (5 records) - Manual PK values with explicit CLIENT_NO
INSERT INTO Clients (CLIENTNAME, ADDRESS, CITY, PHONE, CLIENT_TYPE, DISCOUNT) VALUES ('TechCorp Solutions', '123 Business Ave', 'New York', '555-0101', 1, 15.00);
INSERT INTO Clients (CLIENTNAME, ADDRESS, CITY, PHONE, CLIENT_TYPE, DISCOUNT) VALUES ('Global Industries', '456 Corporate Blvd', 'Los Angeles', '555-0102', 2, 10.00);
INSERT INTO Clients (CLIENTNAME, ADDRESS, CITY, PHONE, CLIENT_TYPE, DISCOUNT) VALUES ('City Hospital', '789 Health St', 'Chicago', '555-0103', 3, 14.00);
INSERT INTO Clients (CLIENTNAME, ADDRESS, CITY, PHONE, CLIENT_TYPE, DISCOUNT) VALUES ('Metro University', '321 Education Way', 'Boston', '555-0104', 4, 18.00);
INSERT INTO Clients (CLIENTNAME, ADDRESS, CITY, PHONE, CLIENT_TYPE, DISCOUNT) VALUES ('SmallBiz Inc', '654 Startup Lane', 'Austin', '555-0105', 5, 8.00);

-- Commit Clients
COMMIT;

-- 5. Insert Products (5 records) - References to Product_Type auto-generated IDs
INSERT INTO Products (PRODUCT_NO, PRODUCTNAME, PRODUCTTYPE, PROFIT_PERCENT, UNIT_MEASURE, REORDER_LEVEL, SELL_PRICE, COST_PRICE, QTY_ON_HAND) VALUES ('LAPTOP001', 'Business Laptop Pro', 1, 25.00, 'pieces', 10, 1200.00, 960.00, 50);
INSERT INTO Products (PRODUCT_NO, PRODUCTNAME, PRODUCTTYPE, PROFIT_PERCENT, UNIT_MEASURE, REORDER_LEVEL, SELL_PRICE, COST_PRICE, QTY_ON_HAND) VALUES ('DESK001', 'Executive Office Desk', 3, 40.00, 'pieces', 5, 800.00, 571.43, 15);
INSERT INTO Products (PRODUCT_NO, PRODUCTNAME, PRODUCTTYPE, PROFIT_PERCENT, UNIT_MEASURE, REORDER_LEVEL, SELL_PRICE, COST_PRICE, QTY_ON_HAND) VALUES ('PAPER001', 'Premium Copy Paper', 2, 20.00, 'reams', 100, 12.00, 10.00, 500);
INSERT INTO Products (PRODUCT_NO, PRODUCTNAME, PRODUCTTYPE, PROFIT_PERCENT, UNIT_MEASURE, REORDER_LEVEL, SELL_PRICE, COST_PRICE, QTY_ON_HAND) VALUES ('SW001', 'Office Suite License', 4, 50.00, 'licenses', 20, 300.00, 200.00, 100);
INSERT INTO Products (PRODUCT_NO, PRODUCTNAME, PRODUCTTYPE, PROFIT_PERCENT, UNIT_MEASURE, REORDER_LEVEL, SELL_PRICE, COST_PRICE, QTY_ON_HAND) VALUES ('ROUTER001', 'Enterprise Router', 3, 30.00, 'pieces', 8, 450.00, 346.15, 25);
INSERT INTO Products (PRODUCT_NO, PRODUCTNAME, PRODUCTTYPE, PROFIT_PERCENT, UNIT_MEASURE, REORDER_LEVEL, SELL_PRICE, COST_PRICE, QTY_ON_HAND) VALUES ('CHAIR001', 'Ergonomic Office Chair', 3, 35.00, 'pieces', 12, 350.00, 259.26, 30);
INSERT INTO Products (PRODUCT_NO, PRODUCTNAME, PRODUCTTYPE, PROFIT_PERCENT, UNIT_MEASURE, REORDER_LEVEL, SELL_PRICE, COST_PRICE, QTY_ON_HAND) VALUES ('PRINTER001', 'Laser Printer 3000', 5, 22.00, 'pieces', 6, 550.00, 450.82, 18);
INSERT INTO Products (PRODUCT_NO, PRODUCTNAME, PRODUCTTYPE, PROFIT_PERCENT, UNIT_MEASURE, REORDER_LEVEL, SELL_PRICE, COST_PRICE, QTY_ON_HAND) VALUES ('HDD001', 'External Hard Drive 2TB', 5, 28.00, 'pieces', 15, 120.00, 93.75, 75);
INSERT INTO Products (PRODUCT_NO, PRODUCTNAME, PRODUCTTYPE, PROFIT_PERCENT, UNIT_MEASURE, REORDER_LEVEL, SELL_PRICE, COST_PRICE, QTY_ON_HAND) VALUES ('MOUSE001', 'Wireless Mouse Pro', 4, 45.00, 'pieces', 25, 65.00, 44.83, 120);
INSERT INTO Products (PRODUCT_NO, PRODUCTNAME, PRODUCTTYPE, PROFIT_PERCENT, UNIT_MEASURE, REORDER_LEVEL, SELL_PRICE, COST_PRICE, QTY_ON_HAND) VALUES ('CABLE001', 'Network Cable Cat6', 3, 60.00, 'meters', 200, 8.00, 5.00, 1000);

-- Commit Products
COMMIT;

-- 6. Insert Employees (5 records) - Manual PK values with explicit EMPLOYEEID
INSERT INTO Employees (EMPLOYEENAME, GENDER, BIRTHDATE, JOB_ID, ADDRESS, PHONE, SALARY, REMARKS) VALUES ('John Smith', 'Male', DATE '1985-03-15', 1, '123 Main St, New York', '555-1001', 75000, 'Senior developer');
INSERT INTO Employees (EMPLOYEENAME, GENDER, BIRTHDATE, JOB_ID, ADDRESS, PHONE, SALARY, REMARKS) VALUES ('Sarah Johnson', 'Female', DATE '1982-07-22', 2, '456 Oak Ave, Los Angeles', '555-1002', 95000, 'Experienced PM');
INSERT INTO Employees (EMPLOYEENAME, GENDER, BIRTHDATE, JOB_ID, ADDRESS, PHONE, SALARY, REMARKS) VALUES ('Michael Brown', 'Male', DATE '1980-11-08', 3, '789 Pine Rd, Chicago', '555-1003', 80000, 'Oracle specialist');
INSERT INTO Employees (EMPLOYEENAME, GENDER, BIRTHDATE, JOB_ID, ADDRESS, PHONE, SALARY, REMARKS) VALUES ('Emily Davis', 'Female', DATE '1988-05-12', 4, '321 Elm St, Houston', '555-1004', 70000, 'Business systems analyst');
INSERT INTO Employees (EMPLOYEENAME, GENDER, BIRTHDATE, JOB_ID, ADDRESS, PHONE, SALARY, REMARKS) VALUES ('David Wilson', 'Male', DATE '1975-09-30', 5, '654 Maple Dr, Phoenix', '555-1005', 65000, 'HR team lead');

-- Commit Employees
COMMIT;

-- 7. Insert Invoices (20 sample records from 2023) - Manual PK values with explicit INVOICENO
INSERT INTO INVOICES (INVOICE_DATE, CLIENT_NO, EMPLOYEEID, INVOICE_STATUS, INVOICEMEMO) VALUES (DATE '2025-01-15', 1, 1, 'Pending', 'Invoice #1 - Business transaction');
INSERT INTO INVOICES (INVOICE_DATE, CLIENT_NO, EMPLOYEEID, INVOICE_STATUS, INVOICEMEMO) VALUES (DATE '2025-01-20', 2, 2, 'Cancelled', 'Invoice #2 - Business transaction');
INSERT INTO INVOICES (INVOICE_DATE, CLIENT_NO, EMPLOYEEID, INVOICE_STATUS, INVOICEMEMO) VALUES (DATE '2025-02-05', 3, 3, 'Shipped', 'Invoice #3 - Business transaction');
INSERT INTO INVOICES (INVOICE_DATE, CLIENT_NO, EMPLOYEEID, INVOICE_STATUS, INVOICEMEMO) VALUES (DATE '2025-02-10', 4, 4, 'Pending', 'Invoice #4 - Business transaction');
INSERT INTO INVOICES (INVOICE_DATE, CLIENT_NO, EMPLOYEEID, INVOICE_STATUS, INVOICEMEMO) VALUES (DATE '2025-02-25', 5, 5, 'Cancelled', 'Invoice #5 - Business transaction');
INSERT INTO INVOICES (INVOICE_DATE, CLIENT_NO, EMPLOYEEID, INVOICE_STATUS, INVOICEMEMO) VALUES (DATE '2025-03-10', 3, 3, 'Delivered', 'Invoice #6 - Business transaction');
INSERT INTO INVOICES (INVOICE_DATE, CLIENT_NO, EMPLOYEEID, INVOICE_STATUS, INVOICEMEMO) VALUES (DATE '2025-03-15', 4, 2, 'Pending', 'Invoice #7 - Business transaction');
INSERT INTO INVOICES (INVOICE_DATE, CLIENT_NO, EMPLOYEEID, INVOICE_STATUS, INVOICEMEMO) VALUES (DATE '2025-03-30', 2, 3, 'Cancelled', 'Invoice #8 - Business transaction');
INSERT INTO INVOICES (INVOICE_DATE, CLIENT_NO, EMPLOYEEID, INVOICE_STATUS, INVOICEMEMO) VALUES (DATE '2025-04-15', 1, 4, 'Delivered', 'Invoice #9 - Business transaction');
INSERT INTO INVOICES (INVOICE_DATE, CLIENT_NO, EMPLOYEEID, INVOICE_STATUS, INVOICEMEMO) VALUES ( DATE '2025-04-20', 3, 1, 'Pending', 'Invoice #10 - Business transaction');
INSERT INTO INVOICES (INVOICE_DATE, CLIENT_NO, EMPLOYEEID, INVOICE_STATUS, INVOICEMEMO) VALUES ( DATE '2025-05-05', 5, 1, 'Cancelled', 'Invoice #11 - Business transaction');
INSERT INTO INVOICES (INVOICE_DATE, CLIENT_NO, EMPLOYEEID, INVOICE_STATUS, INVOICEMEMO) VALUES ( DATE '2025-05-10', 4, 3, 'Shipped', 'Invoice #12 - Business transaction');
INSERT INTO INVOICES (INVOICE_DATE, CLIENT_NO, EMPLOYEEID, INVOICE_STATUS, INVOICEMEMO) VALUES ( DATE '2025-05-25', 2, 4, 'Pending', 'Invoice #13 - Business transaction');
INSERT INTO INVOICES (INVOICE_DATE, CLIENT_NO, EMPLOYEEID, INVOICE_STATUS, INVOICEMEMO) VALUES ( DATE '2025-06-10', 1, 2, 'Cancelled', 'Invoice #14 - Business transaction');
INSERT INTO INVOICES (INVOICE_DATE, CLIENT_NO, EMPLOYEEID, INVOICE_STATUS, INVOICEMEMO) VALUES ( DATE '2025-06-15', 2, 3, 'Delivered', 'Invoice #15 - Business transaction');
INSERT INTO INVOICES (INVOICE_DATE, CLIENT_NO, EMPLOYEEID, INVOICE_STATUS, INVOICEMEMO) VALUES ( DATE '2025-07-01', 3, 4, 'Pending', 'Invoice #16 - Business transaction');
INSERT INTO INVOICES (INVOICE_DATE, CLIENT_NO, EMPLOYEEID, INVOICE_STATUS, INVOICEMEMO) VALUES ( DATE '2025-07-15', 2, 1, 'Cancelled', 'Invoice #17 - Business transaction');
INSERT INTO INVOICES (INVOICE_DATE, CLIENT_NO, EMPLOYEEID, INVOICE_STATUS, INVOICEMEMO) VALUES ( DATE '2025-08-01', 5, 5, 'Shipped', 'Invoice #18 - Business transaction');
INSERT INTO INVOICES (INVOICE_DATE, CLIENT_NO, EMPLOYEEID, INVOICE_STATUS, INVOICEMEMO) VALUES ( DATE '2025-08-15', 4, 5, 'Pending', 'Invoice #19 - Business transaction');
INSERT INTO INVOICES (INVOICE_DATE, CLIENT_NO, EMPLOYEEID, INVOICE_STATUS, INVOICEMEMO) VALUES ( DATE '2025-09-01', 1, 2, 'Cancelled', 'Invoice #20 - Business transaction');

-- Commit Invoices
COMMIT;

-- 8. Insert Invoice Details (Sample records for each invoice)
-- Invoice 1 Details
INSERT INTO INVOICE_DETAILS (INVOICENO, PRODUCT_NO, QTY, PRICE) VALUES (1, 'LAPTOP001', 2, 1200.00);
INSERT INTO INVOICE_DETAILS (INVOICENO, PRODUCT_NO, QTY, PRICE) VALUES (1, 'MOUSE001', 5, 65.00);
INSERT INTO INVOICE_DETAILS (INVOICENO, PRODUCT_NO, QTY, PRICE) VALUES (1, 'CABLE001', 50, 8.00);

-- Invoice 2 Details
INSERT INTO INVOICE_DETAILS (INVOICENO, PRODUCT_NO, QTY, PRICE) VALUES (2, 'DESK001', 1, 800.00);
INSERT INTO INVOICE_DETAILS (INVOICENO, PRODUCT_NO, QTY, PRICE) VALUES (2, 'CHAIR001', 1, 350.00);
INSERT INTO INVOICE_DETAILS (INVOICENO, PRODUCT_NO, QTY, PRICE) VALUES (2, 'PRINTER001', 2, 550.00);

-- Invoice 3 Details
INSERT INTO INVOICE_DETAILS (INVOICENO, PRODUCT_NO, QTY, PRICE) VALUES (3, 'PAPER001', 100, 12.00);
INSERT INTO INVOICE_DETAILS (INVOICENO, PRODUCT_NO, QTY, PRICE) VALUES (3, 'MOUSE001', 10, 65.00);
INSERT INTO INVOICE_DETAILS (INVOICENO, PRODUCT_NO, QTY, PRICE) VALUES (3, 'CABLE001', 25, 8.00);

-- Invoice 4 Details
INSERT INTO INVOICE_DETAILS (INVOICENO, PRODUCT_NO, QTY, PRICE) VALUES (4, 'SW001', 5, 300.00);
INSERT INTO INVOICE_DETAILS (INVOICENO, PRODUCT_NO, QTY, PRICE) VALUES (4, 'HDD001', 3, 120.00);
INSERT INTO INVOICE_DETAILS (INVOICENO, PRODUCT_NO, QTY, PRICE) VALUES (4, 'LAPTOP001', 2, 1200.00);

-- Invoice 5 Details
INSERT INTO INVOICE_DETAILS (INVOICENO, PRODUCT_NO, QTY, PRICE) VALUES (5, 'ROUTER001', 1, 450.00);
INSERT INTO INVOICE_DETAILS (INVOICENO, PRODUCT_NO, QTY, PRICE) VALUES (5, 'CABLE001', 100, 8.00);
INSERT INTO INVOICE_DETAILS (INVOICENO, PRODUCT_NO, QTY, PRICE) VALUES (5, 'PAPER001', 5, 12.00);

-- Invoice 6 Details
INSERT INTO INVOICE_DETAILS (INVOICENO, PRODUCT_NO, QTY, PRICE) VALUES (6, 'PRINTER001', 1, 550.00);
INSERT INTO INVOICE_DETAILS (INVOICENO, PRODUCT_NO, QTY, PRICE) VALUES (6, 'PAPER001', 50, 12.00);
INSERT INTO INVOICE_DETAILS (INVOICENO, PRODUCT_NO, QTY, PRICE) VALUES (6, 'CHAIR001', 10, 350.00);

-- Invoice 7 Details
INSERT INTO INVOICE_DETAILS (INVOICENO, PRODUCT_NO, QTY, PRICE) VALUES (7, 'LAPTOP001', 3, 1200.00);
INSERT INTO INVOICE_DETAILS (INVOICENO, PRODUCT_NO, QTY, PRICE) VALUES (7, 'MOUSE001', 3, 65.00);
INSERT INTO INVOICE_DETAILS (INVOICENO, PRODUCT_NO, QTY, PRICE) VALUES (7, 'SW001', 5, 300.00);

-- Invoice 8 Details
INSERT INTO INVOICE_DETAILS (INVOICENO, PRODUCT_NO, QTY, PRICE) VALUES (8, 'HDD001', 4, 120.00);
INSERT INTO INVOICE_DETAILS (INVOICENO, PRODUCT_NO, QTY, PRICE) VALUES (8, 'ROUTER001', 20, 450.00);
INSERT INTO INVOICE_DETAILS (INVOICENO, PRODUCT_NO, QTY, PRICE) VALUES (8, 'CABLE001', 15, 8.00);

-- Invoice 9 Details
INSERT INTO INVOICE_DETAILS (INVOICENO, PRODUCT_NO, QTY, PRICE) VALUES (9, 'DESK001', 1, 800.00);
INSERT INTO INVOICE_DETAILS (INVOICENO, PRODUCT_NO, QTY, PRICE) VALUES (9, 'CABLE001', 30, 8.00);
INSERT INTO INVOICE_DETAILS (INVOICENO, PRODUCT_NO, QTY, PRICE) VALUES (9, 'PRINTER001', 3, 550.00);

-- Invoice 10 Details
INSERT INTO INVOICE_DETAILS (INVOICENO, PRODUCT_NO, QTY, PRICE) VALUES (10, 'LAPTOP001', 1, 1200.00);
INSERT INTO INVOICE_DETAILS (INVOICENO, PRODUCT_NO, QTY, PRICE) VALUES (10, 'HDD001', 1, 120.00);
INSERT INTO INVOICE_DETAILS (INVOICENO, PRODUCT_NO, QTY, PRICE) VALUES (10, 'MOUSE001', 1, 65.00);

-- Invoice 11 Details
INSERT INTO INVOICE_DETAILS (INVOICENO, PRODUCT_NO, QTY, PRICE) VALUES (11, 'DESK001', 2, 800.00);
INSERT INTO INVOICE_DETAILS (INVOICENO, PRODUCT_NO, QTY, PRICE) VALUES (11, 'CHAIR001', 2, 350.00);
INSERT INTO INVOICE_DETAILS (INVOICENO, PRODUCT_NO, QTY, PRICE) VALUES (11, 'PAPER001', 20, 12.00);

-- Invoice 12 Details
INSERT INTO INVOICE_DETAILS (INVOICENO, PRODUCT_NO, QTY, PRICE) VALUES (12, 'SW001', 10, 300.00);
INSERT INTO INVOICE_DETAILS (INVOICENO, PRODUCT_NO, QTY, PRICE) VALUES (12, 'HDD001', 5, 120.00);
INSERT INTO INVOICE_DETAILS (INVOICENO, PRODUCT_NO, QTY, PRICE) VALUES (12, 'PAPER001', 75, 12.00);

-- Invoice 13 Details
INSERT INTO INVOICE_DETAILS (INVOICENO, PRODUCT_NO, QTY, PRICE) VALUES (13, 'ROUTER001', 2, 450.00);
INSERT INTO INVOICE_DETAILS (INVOICENO, PRODUCT_NO, QTY, PRICE) VALUES (13, 'CABLE001', 200, 8.00);
INSERT INTO INVOICE_DETAILS (INVOICENO, PRODUCT_NO, QTY, PRICE) VALUES (13, 'SW001', 15, 300.00);

-- Invoice 14 Details
INSERT INTO INVOICE_DETAILS (INVOICENO, PRODUCT_NO, QTY, PRICE) VALUES (14, 'PRINTER001', 2, 550.00);
INSERT INTO INVOICE_DETAILS (INVOICENO, PRODUCT_NO, QTY, PRICE) VALUES (14, 'LAPTOP001', 1, 1200.00);
INSERT INTO INVOICE_DETAILS (INVOICENO, PRODUCT_NO, QTY, PRICE) VALUES (14, 'MOUSE001', 8, 65.00);

-- Invoice 15 Details
INSERT INTO INVOICE_DETAILS (INVOICENO, PRODUCT_NO, QTY, PRICE) VALUES (15, 'CHAIR001', 8, 350.00);
INSERT INTO INVOICE_DETAILS (INVOICENO, PRODUCT_NO, QTY, PRICE) VALUES (15, 'DESK001', 50, 800.00);
INSERT INTO INVOICE_DETAILS (INVOICENO, PRODUCT_NO, QTY, PRICE) VALUES (15, 'HDD001', 10, 120.00);

-- Invoice 16 Details
INSERT INTO INVOICE_DETAILS (INVOICENO, PRODUCT_NO, QTY, PRICE) VALUES (16, 'ROUTER001', 2, 450.00);
INSERT INTO INVOICE_DETAILS (INVOICENO, PRODUCT_NO, QTY, PRICE) VALUES (16, 'CABLE001', 30, 8.00);
INSERT INTO INVOICE_DETAILS (INVOICENO, PRODUCT_NO, QTY, PRICE) VALUES (16, 'PAPER001', 15, 12.00);

-- Invoice 17 Details
INSERT INTO INVOICE_DETAILS (INVOICENO, PRODUCT_NO, QTY, PRICE) VALUES (17, 'LAPTOP001', 3, 1200.00);
INSERT INTO INVOICE_DETAILS (INVOICENO, PRODUCT_NO, QTY, PRICE) VALUES (17, 'PRINTER001', 3, 550.00);
INSERT INTO INVOICE_DETAILS (INVOICENO, PRODUCT_NO, QTY, PRICE) VALUES (17, 'MOUSE001', 6, 65.00);

-- Invoice 18 Details
INSERT INTO INVOICE_DETAILS (INVOICENO, PRODUCT_NO, QTY, PRICE) VALUES (18, 'DESK001', 1, 800.00);
INSERT INTO INVOICE_DETAILS (INVOICENO, PRODUCT_NO, QTY, PRICE) VALUES (18, 'CHAIR001', 1, 350.00);
INSERT INTO INVOICE_DETAILS (INVOICENO, PRODUCT_NO, QTY, PRICE) VALUES (18, 'SW001', 3, 300.00);

-- Invoice 19 Details
INSERT INTO INVOICE_DETAILS (INVOICENO, PRODUCT_NO, QTY, PRICE) VALUES (19, 'SW001', 8, 300.00);
INSERT INTO INVOICE_DETAILS (INVOICENO, PRODUCT_NO, QTY, PRICE) VALUES (19, 'HDD001', 10, 120.00);
INSERT INTO INVOICE_DETAILS (INVOICENO, PRODUCT_NO, QTY, PRICE) VALUES (19, 'CABLE001', 150, 8.00);

-- Invoice 20 Details
INSERT INTO INVOICE_DETAILS (INVOICENO, PRODUCT_NO, QTY, PRICE) VALUES (20, 'ROUTER001', 1, 450.00);
INSERT INTO INVOICE_DETAILS (INVOICENO, PRODUCT_NO, QTY, PRICE) VALUES (20, 'PRINTER001', 1, 550.00);
INSERT INTO INVOICE_DETAILS (INVOICENO, PRODUCT_NO, QTY, PRICE) VALUES (20, 'PAPER001', 100, 12.00);

-- Commit Invoice Details
COMMIT;

-- Display completion message
SELECT 'Sample data insertion completed successfully!' AS STATUS FROM DUAL;