-- Insert sample data for all tables
-- This script will populate all tables with meaningful test data

-- Sample Data Insertion Script for Oracle Database
-- Note: This script handles auto-generated identity columns properly

-- Clear existing data first (in dependency order)
DELETE FROM INVOICE_DETAILS WHERE 1=1;
DELETE FROM INVOICES WHERE 1=1;
DELETE FROM Employees WHERE 1=1;
DELETE FROM JOBS WHERE 1=1;
DELETE FROM Products WHERE 1=1;
DELETE FROM Product_Type WHERE 1=1;
DELETE FROM Clients WHERE 1=1;
DELETE FROM Client_Type WHERE 1=1;

-- Commit the deletions
COMMIT;

-- 1. Insert Client Types (20 records) - Manual PK values
INSERT INTO Client_Type (CLIENT_TYPE, TYPE_NAME, DISCOUNT_RATE, REMARKS) VALUES (1, 'Premium Corporate', 15.00, 'High-volume corporate clients');
INSERT INTO Client_Type (CLIENT_TYPE, TYPE_NAME, DISCOUNT_RATE, REMARKS) VALUES (2, 'Standard Corporate', 10.00, 'Regular corporate clients');
INSERT INTO Client_Type (CLIENT_TYPE, TYPE_NAME, DISCOUNT_RATE, REMARKS) VALUES (3, 'Small Business', 8.00, 'Small business clients');
INSERT INTO Client_Type (CLIENT_TYPE, TYPE_NAME, DISCOUNT_RATE, REMARKS) VALUES (4, 'Government', 12.00, 'Government agencies');
INSERT INTO Client_Type (CLIENT_TYPE, TYPE_NAME, DISCOUNT_RATE, REMARKS) VALUES (5, 'Non-Profit', 20.00, 'Non-profit organizations');
INSERT INTO Client_Type (CLIENT_TYPE, TYPE_NAME, DISCOUNT_RATE, REMARKS) VALUES (6, 'Educational', 18.00, 'Schools and universities');
INSERT INTO Client_Type (CLIENT_TYPE, TYPE_NAME, DISCOUNT_RATE, REMARKS) VALUES (7, 'Healthcare', 14.00, 'Hospitals and clinics');
INSERT INTO Client_Type (CLIENT_TYPE, TYPE_NAME, DISCOUNT_RATE, REMARKS) VALUES (8, 'Retail Chain', 11.00, 'Retail chain stores');
INSERT INTO Client_Type (CLIENT_TYPE, TYPE_NAME, DISCOUNT_RATE, REMARKS) VALUES (9, 'Individual', 5.00, 'Individual customers');
INSERT INTO Client_Type (CLIENT_TYPE, TYPE_NAME, DISCOUNT_RATE, REMARKS) VALUES (10, 'Startup', 7.00, 'Startup companies');
INSERT INTO Client_Type (CLIENT_TYPE, TYPE_NAME, DISCOUNT_RATE, REMARKS) VALUES (11, 'Manufacturing', 13.00, 'Manufacturing companies');
INSERT INTO Client_Type (CLIENT_TYPE, TYPE_NAME, DISCOUNT_RATE, REMARKS) VALUES (12, 'Technology', 9.00, 'Technology companies');
INSERT INTO Client_Type (CLIENT_TYPE, TYPE_NAME, DISCOUNT_RATE, REMARKS) VALUES (13, 'Financial', 16.00, 'Banks and financial institutions');
INSERT INTO Client_Type (CLIENT_TYPE, TYPE_NAME, DISCOUNT_RATE, REMARKS) VALUES (14, 'Real Estate', 6.00, 'Real estate companies');
INSERT INTO Client_Type (CLIENT_TYPE, TYPE_NAME, DISCOUNT_RATE, REMARKS) VALUES (15, 'Consulting', 8.50, 'Consulting firms');
INSERT INTO Client_Type (CLIENT_TYPE, TYPE_NAME, DISCOUNT_RATE, REMARKS) VALUES (16, 'Media', 10.50, 'Media and advertising companies');
INSERT INTO Client_Type (CLIENT_TYPE, TYPE_NAME, DISCOUNT_RATE, REMARKS) VALUES (17, 'Transportation', 12.50, 'Transportation companies');
INSERT INTO Client_Type (CLIENT_TYPE, TYPE_NAME, DISCOUNT_RATE, REMARKS) VALUES (18, 'Energy', 14.50, 'Energy sector companies');
INSERT INTO Client_Type (CLIENT_TYPE, TYPE_NAME, DISCOUNT_RATE, REMARKS) VALUES (19, 'Food Service', 9.50, 'Restaurants and food services');
INSERT INTO Client_Type (CLIENT_TYPE, TYPE_NAME, DISCOUNT_RATE, REMARKS) VALUES (20, 'Entertainment', 11.50, 'Entertainment industry');

-- Commit Client Types
COMMIT;

-- 2. Insert Product Types (20 records) - Manual PK values
INSERT INTO Product_Type (PRODUCTTYPE_ID, PRODUCTTYPE_NAME, REMARKS) VALUES (1, 'Electronics', 'Electronic devices and components');
INSERT INTO Product_Type (PRODUCTTYPE_ID, PRODUCTTYPE_NAME, REMARKS) VALUES (2, 'Office Supplies', 'General office supplies');
INSERT INTO Product_Type (PRODUCTTYPE_ID, PRODUCTTYPE_NAME, REMARKS) VALUES (3, 'Furniture', 'Office and home furniture');
INSERT INTO Product_Type (PRODUCTTYPE_ID, PRODUCTTYPE_NAME, REMARKS) VALUES (4, 'Software', 'Software licenses and tools');
INSERT INTO Product_Type (PRODUCTTYPE_ID, PRODUCTTYPE_NAME, REMARKS) VALUES (5, 'Hardware', 'Computer hardware components');
INSERT INTO Product_Type (PRODUCTTYPE_ID, PRODUCTTYPE_NAME, REMARKS) VALUES (6, 'Networking', 'Network equipment and cables');
INSERT INTO Product_Type (PRODUCTTYPE_ID, PRODUCTTYPE_NAME, REMARKS) VALUES (7, 'Security', 'Security systems and equipment');
INSERT INTO Product_Type (PRODUCTTYPE_ID, PRODUCTTYPE_NAME, REMARKS) VALUES (8, 'Printing', 'Printers and printing supplies');
INSERT INTO Product_Type (PRODUCTTYPE_ID, PRODUCTTYPE_NAME, REMARKS) VALUES (9, 'Storage', 'Data storage solutions');
INSERT INTO Product_Type (PRODUCTTYPE_ID, PRODUCTTYPE_NAME, REMARKS) VALUES (10, 'Accessories', 'Computer and office accessories');
INSERT INTO Product_Type (PRODUCTTYPE_ID, PRODUCTTYPE_NAME, REMARKS) VALUES (11, 'Tools', 'Professional tools and equipment');
INSERT INTO Product_Type (PRODUCTTYPE_ID, PRODUCTTYPE_NAME, REMARKS) VALUES (12, 'Cleaning', 'Cleaning supplies and equipment');
INSERT INTO Product_Type (PRODUCTTYPE_ID, PRODUCTTYPE_NAME, REMARKS) VALUES (13, 'Lighting', 'Lighting fixtures and bulbs');
INSERT INTO Product_Type (PRODUCTTYPE_ID, PRODUCTTYPE_NAME, REMARKS) VALUES (14, 'Stationery', 'Paper and writing materials');
INSERT INTO Product_Type (PRODUCTTYPE_ID, PRODUCTTYPE_NAME, REMARKS) VALUES (15, 'Packaging', 'Packaging materials and supplies');
INSERT INTO Product_Type (PRODUCTTYPE_ID, PRODUCTTYPE_NAME, REMARKS) VALUES (16, 'Safety', 'Safety equipment and supplies');
INSERT INTO Product_Type (PRODUCTTYPE_ID, PRODUCTTYPE_NAME, REMARKS) VALUES (17, 'Medical', 'Medical supplies and equipment');
INSERT INTO Product_Type (PRODUCTTYPE_ID, PRODUCTTYPE_NAME, REMARKS) VALUES (18, 'Automotive', 'Automotive parts and accessories');
INSERT INTO Product_Type (PRODUCTTYPE_ID, PRODUCTTYPE_NAME, REMARKS) VALUES (19, 'Construction', 'Construction materials');
INSERT INTO Product_Type (PRODUCTTYPE_ID, PRODUCTTYPE_NAME, REMARKS) VALUES (20, 'Industrial', 'Industrial equipment');

-- Commit Product Types
COMMIT;

-- 3. Insert Jobs (20 records) - Manual PK values
INSERT INTO JOBS (JOB_ID, JOB_TITLE, MIN_SALARY, MAX_SALARY) VALUES (1, 'Software Developer', 50000, 90000);
INSERT INTO JOBS (JOB_ID, JOB_TITLE, MIN_SALARY, MAX_SALARY) VALUES (2, 'Project Manager', 70000, 120000);
INSERT INTO JOBS (JOB_ID, JOB_TITLE, MIN_SALARY, MAX_SALARY) VALUES (3, 'Database Administrator', 60000, 100000);
INSERT INTO JOBS (JOB_ID, JOB_TITLE, MIN_SALARY, MAX_SALARY) VALUES (4, 'System Analyst', 55000, 85000);
INSERT INTO JOBS (JOB_ID, JOB_TITLE, MIN_SALARY, MAX_SALARY) VALUES (5, 'HR Manager', 50000, 80000);
INSERT INTO JOBS (JOB_ID, JOB_TITLE, MIN_SALARY, MAX_SALARY) VALUES (6, 'Sales Representative', 30000, 60000);
INSERT INTO JOBS (JOB_ID, JOB_TITLE, MIN_SALARY, MAX_SALARY) VALUES (7, 'Marketing Specialist', 40000, 70000);
INSERT INTO JOBS (JOB_ID, JOB_TITLE, MIN_SALARY, MAX_SALARY) VALUES (8, 'Accountant', 45000, 75000);
INSERT INTO JOBS (JOB_ID, JOB_TITLE, MIN_SALARY, MAX_SALARY) VALUES (9, 'Customer Service Rep', 25000, 45000);
INSERT INTO JOBS (JOB_ID, JOB_TITLE, MIN_SALARY, MAX_SALARY) VALUES (10, 'Operations Manager', 65000, 110000);
INSERT INTO JOBS (JOB_ID, JOB_TITLE, MIN_SALARY, MAX_SALARY) VALUES (11, 'Quality Assurance', 40000, 70000);
INSERT INTO JOBS (JOB_ID, JOB_TITLE, MIN_SALARY, MAX_SALARY) VALUES (12, 'Network Administrator', 55000, 90000);
INSERT INTO JOBS (JOB_ID, JOB_TITLE, MIN_SALARY, MAX_SALARY) VALUES (13, 'Business Analyst', 60000, 95000);
INSERT INTO JOBS (JOB_ID, JOB_TITLE, MIN_SALARY, MAX_SALARY) VALUES (14, 'Technical Writer', 35000, 65000);
INSERT INTO JOBS (JOB_ID, JOB_TITLE, MIN_SALARY, MAX_SALARY) VALUES (15, 'IT Support Specialist', 30000, 55000);
INSERT INTO JOBS (JOB_ID, JOB_TITLE, MIN_SALARY, MAX_SALARY) VALUES (16, 'Financial Analyst', 50000, 85000);
INSERT INTO JOBS (JOB_ID, JOB_TITLE, MIN_SALARY, MAX_SALARY) VALUES (17, 'Procurement Manager', 55000, 90000);
INSERT INTO JOBS (JOB_ID, JOB_TITLE, MIN_SALARY, MAX_SALARY) VALUES (18, 'Security Specialist', 60000, 100000);
INSERT INTO JOBS (JOB_ID, JOB_TITLE, MIN_SALARY, MAX_SALARY) VALUES (19, 'Training Coordinator', 35000, 60000);
INSERT INTO JOBS (JOB_ID, JOB_TITLE, MIN_SALARY, MAX_SALARY) VALUES (20, 'Executive Assistant', 35000, 65000);

-- Commit Jobs
COMMIT;

-- 4. Insert Clients (20 records) - Manual PK values with explicit CLIENT_NO
INSERT INTO Clients (CLIENT_NO, CLIENTNAME, ADDRESS, CITY, PHONE, CLIENT_TYPE, DISCOUNT) VALUES (1, 'TechCorp Solutions', '123 Business Ave', 'New York', '555-0101', 1, 15.00);
INSERT INTO Clients (CLIENT_NO, CLIENTNAME, ADDRESS, CITY, PHONE, CLIENT_TYPE, DISCOUNT) VALUES (2, 'Global Industries', '456 Corporate Blvd', 'Los Angeles', '555-0102', 2, 10.00);
INSERT INTO Clients (CLIENT_NO, CLIENTNAME, ADDRESS, CITY, PHONE, CLIENT_TYPE, DISCOUNT) VALUES (3, 'City Hospital', '789 Health St', 'Chicago', '555-0103', 7, 14.00);
INSERT INTO Clients (CLIENT_NO, CLIENTNAME, ADDRESS, CITY, PHONE, CLIENT_TYPE, DISCOUNT) VALUES (4, 'Metro University', '321 Education Way', 'Boston', '555-0104', 6, 18.00);
INSERT INTO Clients (CLIENT_NO, CLIENTNAME, ADDRESS, CITY, PHONE, CLIENT_TYPE, DISCOUNT) VALUES (5, 'SmallBiz Inc', '654 Startup Lane', 'Austin', '555-0105', 3, 8.00);
INSERT INTO Clients (CLIENT_NO, CLIENTNAME, ADDRESS, CITY, PHONE, CLIENT_TYPE, DISCOUNT) VALUES (6, 'State Department', '987 Government Plaza', 'Washington', '555-0106', 4, 12.00);
INSERT INTO Clients (CLIENT_NO, CLIENTNAME, ADDRESS, CITY, PHONE, CLIENT_TYPE, DISCOUNT) VALUES (7, 'Green Foundation', '147 Charity Circle', 'Portland', '555-0107', 5, 20.00);
INSERT INTO Clients (CLIENT_NO, CLIENTNAME, ADDRESS, CITY, PHONE, CLIENT_TYPE, DISCOUNT) VALUES (8, 'MegaRetail Chain', '258 Shopping Center', 'Miami', '555-0108', 8, 11.00);
INSERT INTO Clients (CLIENT_NO, CLIENTNAME, ADDRESS, CITY, PHONE, CLIENT_TYPE, DISCOUNT) VALUES (9, 'John Individual', '369 Home Street', 'Denver', '555-0109', 9, 5.00);
INSERT INTO Clients (CLIENT_NO, CLIENTNAME, ADDRESS, CITY, PHONE, CLIENT_TYPE, DISCOUNT) VALUES (10, 'Innovation Startup', '741 Tech Park', 'San Francisco', '555-0110', 10, 7.00);
INSERT INTO Clients (CLIENT_NO, CLIENTNAME, ADDRESS, CITY, PHONE, CLIENT_TYPE, DISCOUNT) VALUES (11, 'Manufacturing Co', '852 Industrial Rd', 'Detroit', '555-0111', 11, 13.00);
INSERT INTO Clients (CLIENT_NO, CLIENTNAME, ADDRESS, CITY, PHONE, CLIENT_TYPE, DISCOUNT) VALUES (12, 'Digital Solutions', '963 Silicon Valley', 'San Jose', '555-0112', 12, 9.00);
INSERT INTO Clients (CLIENT_NO, CLIENTNAME, ADDRESS, CITY, PHONE, CLIENT_TYPE, DISCOUNT) VALUES (13, 'First National Bank', '159 Finance District', 'Charlotte', '555-0113', 13, 16.00);
INSERT INTO Clients (CLIENT_NO, CLIENTNAME, ADDRESS, CITY, PHONE, CLIENT_TYPE, DISCOUNT) VALUES (14, 'Property Partners', '267 Real Estate Ave', 'Phoenix', '555-0114', 14, 6.00);
INSERT INTO Clients (CLIENT_NO, CLIENTNAME, ADDRESS, CITY, PHONE, CLIENT_TYPE, DISCOUNT) VALUES (15, 'Strategic Consulting', '375 Advisory Street', 'Seattle', '555-0115', 15, 8.50);
INSERT INTO Clients (CLIENT_NO, CLIENTNAME, ADDRESS, CITY, PHONE, CLIENT_TYPE, DISCOUNT) VALUES (16, 'Creative Media Group', '486 Marketing Blvd', 'Atlanta', '555-0116', 16, 10.50);
INSERT INTO Clients (CLIENT_NO, CLIENTNAME, ADDRESS, CITY, PHONE, CLIENT_TYPE, DISCOUNT) VALUES (17, 'Express Transport', '597 Logistics Way', 'Kansas City', '555-0117', 17, 12.50);
INSERT INTO Clients (CLIENT_NO, CLIENTNAME, ADDRESS, CITY, PHONE, CLIENT_TYPE, DISCOUNT) VALUES (18, 'Power Energy Corp', '608 Utility Avenue', 'Houston', '555-0118', 18, 14.50);
INSERT INTO Clients (CLIENT_NO, CLIENTNAME, ADDRESS, CITY, PHONE, CLIENT_TYPE, DISCOUNT) VALUES (19, 'Tasty Restaurant Group', '719 Food Court', 'Las Vegas', '555-0119', 19, 9.50);
INSERT INTO Clients (CLIENT_NO, CLIENTNAME, ADDRESS, CITY, PHONE, CLIENT_TYPE, DISCOUNT) VALUES (20, 'Entertainment Studios', '820 Show Business Dr', 'Los Angeles', '555-0120', 20, 11.50);

-- Commit Clients
COMMIT;

-- 5. Insert Products (20 records) - References to Product_Type auto-generated IDs
INSERT INTO Products (PRODUCT_NO, PRODUCTNAME, PRODUCTTYPE, PROFIT_PERCENT, UNIT_MEASURE, REORDER_LEVEL, SELL_PRICE, COST_PRICE, QTY_ON_HAND) VALUES ('LAPTOP001', 'Business Laptop Pro', 1, 25.00, 'pieces', 10, 1200.00, 960.00, 50);
INSERT INTO Products (PRODUCT_NO, PRODUCTNAME, PRODUCTTYPE, PROFIT_PERCENT, UNIT_MEASURE, REORDER_LEVEL, SELL_PRICE, COST_PRICE, QTY_ON_HAND) VALUES ('DESK001', 'Executive Office Desk', 3, 40.00, 'pieces', 5, 800.00, 571.43, 15);
INSERT INTO Products (PRODUCT_NO, PRODUCTNAME, PRODUCTTYPE, PROFIT_PERCENT, UNIT_MEASURE, REORDER_LEVEL, SELL_PRICE, COST_PRICE, QTY_ON_HAND) VALUES ('PAPER001', 'Premium Copy Paper', 2, 20.00, 'reams', 100, 12.00, 10.00, 500);
INSERT INTO Products (PRODUCT_NO, PRODUCTNAME, PRODUCTTYPE, PROFIT_PERCENT, UNIT_MEASURE, REORDER_LEVEL, SELL_PRICE, COST_PRICE, QTY_ON_HAND) VALUES ('SW001', 'Office Suite License', 4, 50.00, 'licenses', 20, 300.00, 200.00, 100);
INSERT INTO Products (PRODUCT_NO, PRODUCTNAME, PRODUCTTYPE, PROFIT_PERCENT, UNIT_MEASURE, REORDER_LEVEL, SELL_PRICE, COST_PRICE, QTY_ON_HAND) VALUES ('ROUTER001', 'Enterprise Router', 6, 30.00, 'pieces', 8, 450.00, 346.15, 25);
INSERT INTO Products (PRODUCT_NO, PRODUCTNAME, PRODUCTTYPE, PROFIT_PERCENT, UNIT_MEASURE, REORDER_LEVEL, SELL_PRICE, COST_PRICE, QTY_ON_HAND) VALUES ('CHAIR001', 'Ergonomic Office Chair', 3, 35.00, 'pieces', 12, 350.00, 259.26, 30);
INSERT INTO Products (PRODUCT_NO, PRODUCTNAME, PRODUCTTYPE, PROFIT_PERCENT, UNIT_MEASURE, REORDER_LEVEL, SELL_PRICE, COST_PRICE, QTY_ON_HAND) VALUES ('PRINTER001', 'Laser Printer 3000', 8, 22.00, 'pieces', 6, 550.00, 450.82, 18);
INSERT INTO Products (PRODUCT_NO, PRODUCTNAME, PRODUCTTYPE, PROFIT_PERCENT, UNIT_MEASURE, REORDER_LEVEL, SELL_PRICE, COST_PRICE, QTY_ON_HAND) VALUES ('HDD001', 'External Hard Drive 2TB', 9, 28.00, 'pieces', 15, 120.00, 93.75, 75);
INSERT INTO Products (PRODUCT_NO, PRODUCTNAME, PRODUCTTYPE, PROFIT_PERCENT, UNIT_MEASURE, REORDER_LEVEL, SELL_PRICE, COST_PRICE, QTY_ON_HAND) VALUES ('MOUSE001', 'Wireless Mouse Pro', 10, 45.00, 'pieces', 25, 65.00, 44.83, 120);
INSERT INTO Products (PRODUCT_NO, PRODUCTNAME, PRODUCTTYPE, PROFIT_PERCENT, UNIT_MEASURE, REORDER_LEVEL, SELL_PRICE, COST_PRICE, QTY_ON_HAND) VALUES ('CABLE001', 'Network Cable Cat6', 6, 60.00, 'meters', 200, 8.00, 5.00, 1000);
INSERT INTO Products (PRODUCT_NO, PRODUCTNAME, PRODUCTTYPE, PROFIT_PERCENT, UNIT_MEASURE, REORDER_LEVEL, SELL_PRICE, COST_PRICE, QTY_ON_HAND) VALUES ('CLEAN001', 'Office Cleaning Kit', 12, 100.00, 'kits', 30, 40.00, 20.00, 80);
INSERT INTO Products (PRODUCT_NO, PRODUCTNAME, PRODUCTTYPE, PROFIT_PERCENT, UNIT_MEASURE, REORDER_LEVEL, SELL_PRICE, COST_PRICE, QTY_ON_HAND) VALUES ('LIGHT001', 'LED Desk Lamp', 13, 55.00, 'pieces', 20, 85.00, 54.84, 45);
INSERT INTO Products (PRODUCT_NO, PRODUCTNAME, PRODUCTTYPE, PROFIT_PERCENT, UNIT_MEASURE, REORDER_LEVEL, SELL_PRICE, COST_PRICE, QTY_ON_HAND) VALUES ('PEN001', 'Executive Pen Set', 14, 75.00, 'sets', 40, 35.00, 20.00, 150);
INSERT INTO Products (PRODUCT_NO, PRODUCTNAME, PRODUCTTYPE, PROFIT_PERCENT, UNIT_MEASURE, REORDER_LEVEL, SELL_PRICE, COST_PRICE, QTY_ON_HAND) VALUES ('BOX001', 'Shipping Boxes Large', 15, 80.00, 'pieces', 50, 18.00, 10.00, 200);
INSERT INTO Products (PRODUCT_NO, PRODUCTNAME, PRODUCTTYPE, PROFIT_PERCENT, UNIT_MEASURE, REORDER_LEVEL, SELL_PRICE, COST_PRICE, QTY_ON_HAND) VALUES ('HELMET001', 'Safety Helmet', 16, 40.00, 'pieces', 25, 70.00, 50.00, 60);
INSERT INTO Products (PRODUCT_NO, PRODUCTNAME, PRODUCTTYPE, PROFIT_PERCENT, UNIT_MEASURE, REORDER_LEVEL, SELL_PRICE, COST_PRICE, QTY_ON_HAND) VALUES ('TABLET001', 'Medical Tablet 10inch', 17, 30.00, 'pieces', 8, 400.00, 307.69, 22);
INSERT INTO Products (PRODUCT_NO, PRODUCTNAME, PRODUCTTYPE, PROFIT_PERCENT, UNIT_MEASURE, REORDER_LEVEL, SELL_PRICE, COST_PRICE, QTY_ON_HAND) VALUES ('TIRE001', 'All-Season Tire 15inch', 18, 35.00, 'pieces', 20, 150.00, 111.11, 40);
INSERT INTO Products (PRODUCT_NO, PRODUCTNAME, PRODUCTTYPE, PROFIT_PERCENT, UNIT_MEASURE, REORDER_LEVEL, SELL_PRICE, COST_PRICE, QTY_ON_HAND) VALUES ('CEMENT001', 'Portland Cement Bag', 19, 25.00, 'bags', 100, 15.00, 12.00, 300);
INSERT INTO Products (PRODUCT_NO, PRODUCTNAME, PRODUCTTYPE, PROFIT_PERCENT, UNIT_MEASURE, REORDER_LEVEL, SELL_PRICE, COST_PRICE, QTY_ON_HAND) VALUES ('PUMP001', 'Industrial Water Pump', 20, 45.00, 'pieces', 5, 850.00, 586.21, 12);
INSERT INTO Products (PRODUCT_NO, PRODUCTNAME, PRODUCTTYPE, PROFIT_PERCENT, UNIT_MEASURE, REORDER_LEVEL, SELL_PRICE, COST_PRICE, QTY_ON_HAND) VALUES ('MONITOR001', 'LED Monitor 24inch', 1, 32.00, 'pieces', 15, 250.00, 189.39, 35);

-- Commit Products
COMMIT;

-- 6. Insert Employees (20 records) - Manual PK values with explicit EMPLOYEEID
INSERT INTO Employees (EMPLOYEEID, EMPLOYEENAME, GENDER, BIRTHDATE, JOB_ID, ADDRESS, PHONE, SALARY, REMARKS) VALUES (1, 'John Smith', 'Male', DATE '1985-03-15', 1, '123 Main St, New York', '555-1001', 75000, 'Senior developer');
INSERT INTO Employees (EMPLOYEEID, EMPLOYEENAME, GENDER, BIRTHDATE, JOB_ID, ADDRESS, PHONE, SALARY, REMARKS) VALUES (2, 'Sarah Johnson', 'Female', DATE '1982-07-22', 2, '456 Oak Ave, Los Angeles', '555-1002', 95000, 'Experienced PM');
INSERT INTO Employees (EMPLOYEEID, EMPLOYEENAME, GENDER, BIRTHDATE, JOB_ID, ADDRESS, PHONE, SALARY, REMARKS) VALUES (3, 'Michael Brown', 'Male', DATE '1980-11-08', 3, '789 Pine Rd, Chicago', '555-1003', 80000, 'Oracle specialist');
INSERT INTO Employees (EMPLOYEEID, EMPLOYEENAME, GENDER, BIRTHDATE, JOB_ID, ADDRESS, PHONE, SALARY, REMARKS) VALUES (4, 'Emily Davis', 'Female', DATE '1988-05-12', 4, '321 Elm St, Houston', '555-1004', 70000, 'Business systems analyst');
INSERT INTO Employees (EMPLOYEEID, EMPLOYEENAME, GENDER, BIRTHDATE, JOB_ID, ADDRESS, PHONE, SALARY, REMARKS) VALUES (5, 'David Wilson', 'Male', DATE '1975-09-30', 5, '654 Maple Dr, Phoenix', '555-1005', 65000, 'HR team lead');
INSERT INTO Employees (EMPLOYEEID, EMPLOYEENAME, GENDER, BIRTHDATE, JOB_ID, ADDRESS, PHONE, SALARY, REMARKS) VALUES (6, 'Jennifer Miller', 'Female', DATE '1990-01-18', 6, '987 Cedar Ln, Philadelphia', '555-1006', 45000, 'Top sales performer');
INSERT INTO Employees (EMPLOYEEID, EMPLOYEENAME, GENDER, BIRTHDATE, JOB_ID, ADDRESS, PHONE, SALARY, REMARKS) VALUES (7, 'Robert Taylor', 'Male', DATE '1987-12-05', 7, '147 Birch Way, San Antonio', '555-1007', 55000, 'Digital marketing expert');
INSERT INTO Employees (EMPLOYEEID, EMPLOYEENAME, GENDER, BIRTHDATE, JOB_ID, ADDRESS, PHONE, SALARY, REMARKS) VALUES (8, 'Lisa Anderson', 'Female', DATE '1983-06-25', 8, '258 Spruce St, San Diego', '555-1008', 60000, 'CPA certified');
INSERT INTO Employees (EMPLOYEEID, EMPLOYEENAME, GENDER, BIRTHDATE, JOB_ID, ADDRESS, PHONE, SALARY, REMARKS) VALUES (9, 'James Thomas', 'Male', DATE '1992-04-10', 9, '369 Willow Ave, Dallas', '555-1009', 35000, 'Customer service lead');
INSERT INTO Employees (EMPLOYEEID, EMPLOYEENAME, GENDER, BIRTHDATE, JOB_ID, ADDRESS, PHONE, SALARY, REMARKS) VALUES (10, 'Maria Garcia', 'Female', DATE '1979-08-17', 10, '741 Poplar Dr, San Jose', '555-1010', 90000, 'Operations director');
INSERT INTO Employees (EMPLOYEEID, EMPLOYEENAME, GENDER, BIRTHDATE, JOB_ID, ADDRESS, PHONE, SALARY, REMARKS) VALUES (11, 'Christopher Lee', 'Male', DATE '1986-02-28', 11, '852 Ash Rd, Austin', '555-1011', 55000, 'QA team lead');
INSERT INTO Employees (EMPLOYEEID, EMPLOYEENAME, GENDER, BIRTHDATE, JOB_ID, ADDRESS, PHONE, SALARY, REMARKS) VALUES (12, 'Amanda White', 'Female', DATE '1984-10-14', 12, '963 Hickory St, Jacksonville', '555-1012', 72000, 'Network security specialist');
INSERT INTO Employees (EMPLOYEEID, EMPLOYEENAME, GENDER, BIRTHDATE, JOB_ID, ADDRESS, PHONE, SALARY, REMARKS) VALUES (13, 'Daniel Martin', 'Male', DATE '1989-07-03', 13, '159 Walnut Ave, Fort Worth', '555-1013', 77000, 'Business intelligence analyst');
INSERT INTO Employees (EMPLOYEEID, EMPLOYEENAME, GENDER, BIRTHDATE, JOB_ID, ADDRESS, PHONE, SALARY, REMARKS) VALUES (14, 'Jessica Thompson', 'Female', DATE '1991-12-21', 14, '267 Chestnut Dr, Columbus', '555-1014', 50000, 'Technical documentation lead');
INSERT INTO Employees (EMPLOYEEID, EMPLOYEENAME, GENDER, BIRTHDATE, JOB_ID, ADDRESS, PHONE, SALARY, REMARKS) VALUES (15, 'Matthew Clark', 'Male', DATE '1993-03-09', 15, '375 Sycamore Ln, Charlotte', '555-1015', 42000, 'IT helpdesk supervisor');
INSERT INTO Employees (EMPLOYEEID, EMPLOYEENAME, GENDER, BIRTHDATE, JOB_ID, ADDRESS, PHONE, SALARY, REMARKS) VALUES (16, 'Ashley Rodriguez', 'Female', DATE '1981-11-26', 16, '486 Beech Way, Seattle', '555-1016', 67000, 'Financial planning analyst');
INSERT INTO Employees (EMPLOYEEID, EMPLOYEENAME, GENDER, BIRTHDATE, JOB_ID, ADDRESS, PHONE, SALARY, REMARKS) VALUES (17, 'Kevin Lewis', 'Male', DATE '1978-05-13', 17, '597 Magnolia St, Denver', '555-1017', 72000, 'Procurement specialist');
INSERT INTO Employees (EMPLOYEEID, EMPLOYEENAME, GENDER, BIRTHDATE, JOB_ID, ADDRESS, PHONE, SALARY, REMARKS) VALUES (18, 'Michelle Walker', 'Female', DATE '1985-09-07', 18, '608 Dogwood Ave, Washington', '555-1018', 85000, 'Cybersecurity expert');
INSERT INTO Employees (EMPLOYEEID, EMPLOYEENAME, GENDER, BIRTHDATE, JOB_ID, ADDRESS, PHONE, SALARY, REMARKS) VALUES (19, 'Andrew Hall', 'Male', DATE '1990-06-19', 19, '719 Redwood Dr, Boston', '555-1019', 47000, 'Training program coordinator');
INSERT INTO Employees (EMPLOYEEID, EMPLOYEENAME, GENDER, BIRTHDATE, JOB_ID, ADDRESS, PHONE, SALARY, REMARKS) VALUES (20, 'Stephanie Young', 'Female', DATE '1987-01-31', 20, '820 Palm St, Nashville', '555-1020', 52000, 'Executive support specialist');

-- Commit Employees
COMMIT;

-- 7. Insert Invoices (20 sample records from 2023) - Manual PK values with explicit INVOICENO
INSERT INTO INVOICES (INVOICENO, INVOICE_DATE, CLIENT_NO, EMPLOYEEID, INVOICE_STATUS, INVOICEMEMO) VALUES (1, DATE '2023-01-15', 1, 1, 'Pending', 'Invoice #1 - Business transaction');
INSERT INTO INVOICES (INVOICENO, INVOICE_DATE, CLIENT_NO, EMPLOYEEID, INVOICE_STATUS, INVOICEMEMO) VALUES (2, DATE '2023-01-20', 2, 2, 'Cancelled', 'Invoice #2 - Business transaction');
INSERT INTO INVOICES (INVOICENO, INVOICE_DATE, CLIENT_NO, EMPLOYEEID, INVOICE_STATUS, INVOICEMEMO) VALUES (3, DATE '2023-02-05', 3, 3, 'Shipped', 'Invoice #3 - Business transaction');
INSERT INTO INVOICES (INVOICENO, INVOICE_DATE, CLIENT_NO, EMPLOYEEID, INVOICE_STATUS, INVOICEMEMO) VALUES (4, DATE '2023-02-10', 4, 4, 'Pending', 'Invoice #4 - Business transaction');
INSERT INTO INVOICES (INVOICENO, INVOICE_DATE, CLIENT_NO, EMPLOYEEID, INVOICE_STATUS, INVOICEMEMO) VALUES (5, DATE '2023-02-25', 5, 5, 'Cancelled', 'Invoice #5 - Business transaction');
INSERT INTO INVOICES (INVOICENO, INVOICE_DATE, CLIENT_NO, EMPLOYEEID, INVOICE_STATUS, INVOICEMEMO) VALUES (6, DATE '2023-03-10', 6, 6, 'Delivered', 'Invoice #6 - Business transaction');
INSERT INTO INVOICES (INVOICENO, INVOICE_DATE, CLIENT_NO, EMPLOYEEID, INVOICE_STATUS, INVOICEMEMO) VALUES (7, DATE '2023-03-15', 7, 7, 'Pending', 'Invoice #7 - Business transaction');
INSERT INTO INVOICES (INVOICENO, INVOICE_DATE, CLIENT_NO, EMPLOYEEID, INVOICE_STATUS, INVOICEMEMO) VALUES (8, DATE '2023-03-30', 8, 8, 'Cancelled', 'Invoice #8 - Business transaction');
INSERT INTO INVOICES (INVOICENO, INVOICE_DATE, CLIENT_NO, EMPLOYEEID, INVOICE_STATUS, INVOICEMEMO) VALUES (9, DATE '2023-04-15', 9, 9, 'Delivered', 'Invoice #9 - Business transaction');
INSERT INTO INVOICES (INVOICENO, INVOICE_DATE, CLIENT_NO, EMPLOYEEID, INVOICE_STATUS, INVOICEMEMO) VALUES (10, DATE '2023-04-20', 10, 10, 'Pending', 'Invoice #10 - Business transaction');
INSERT INTO INVOICES (INVOICENO, INVOICE_DATE, CLIENT_NO, EMPLOYEEID, INVOICE_STATUS, INVOICEMEMO) VALUES (11, DATE '2023-05-05', 11, 11, 'Cancelled', 'Invoice #11 - Business transaction');
INSERT INTO INVOICES (INVOICENO, INVOICE_DATE, CLIENT_NO, EMPLOYEEID, INVOICE_STATUS, INVOICEMEMO) VALUES (12, DATE '2023-05-10', 12, 12, 'Shipped', 'Invoice #12 - Business transaction');
INSERT INTO INVOICES (INVOICENO, INVOICE_DATE, CLIENT_NO, EMPLOYEEID, INVOICE_STATUS, INVOICEMEMO) VALUES (13, DATE '2023-05-25', 13, 13, 'Pending', 'Invoice #13 - Business transaction');
INSERT INTO INVOICES (INVOICENO, INVOICE_DATE, CLIENT_NO, EMPLOYEEID, INVOICE_STATUS, INVOICEMEMO) VALUES (14, DATE '2023-06-10', 14, 14, 'Cancelled', 'Invoice #14 - Business transaction');
INSERT INTO INVOICES (INVOICENO, INVOICE_DATE, CLIENT_NO, EMPLOYEEID, INVOICE_STATUS, INVOICEMEMO) VALUES (15, DATE '2023-06-15', 15, 15, 'Delivered', 'Invoice #15 - Business transaction');
INSERT INTO INVOICES (INVOICENO, INVOICE_DATE, CLIENT_NO, EMPLOYEEID, INVOICE_STATUS, INVOICEMEMO) VALUES (16, DATE '2023-07-01', 16, 16, 'Pending', 'Invoice #16 - Business transaction');
INSERT INTO INVOICES (INVOICENO, INVOICE_DATE, CLIENT_NO, EMPLOYEEID, INVOICE_STATUS, INVOICEMEMO) VALUES (17, DATE '2023-07-15', 17, 17, 'Cancelled', 'Invoice #17 - Business transaction');
INSERT INTO INVOICES (INVOICENO, INVOICE_DATE, CLIENT_NO, EMPLOYEEID, INVOICE_STATUS, INVOICEMEMO) VALUES (18, DATE '2023-08-01', 18, 18, 'Shipped', 'Invoice #18 - Business transaction');
INSERT INTO INVOICES (INVOICENO, INVOICE_DATE, CLIENT_NO, EMPLOYEEID, INVOICE_STATUS, INVOICEMEMO) VALUES (19, DATE '2023-08-15', 19, 19, 'Pending', 'Invoice #19 - Business transaction');
INSERT INTO INVOICES (INVOICENO, INVOICE_DATE, CLIENT_NO, EMPLOYEEID, INVOICE_STATUS, INVOICEMEMO) VALUES (20, DATE '2023-09-01', 20, 20, 'Cancelled', 'Invoice #20 - Business transaction');

-- Commit Invoices
COMMIT;

-- 8. Insert Invoice Details (Sample records for each invoice)
-- Invoice 1 Details
INSERT INTO INVOICE_DETAILS (INVOICENO, PRODUCT_NO, QTY, PRICE) VALUES (1, 'LAPTOP001', 2, 1200.00);
INSERT INTO INVOICE_DETAILS (INVOICENO, PRODUCT_NO, QTY, PRICE) VALUES (1, 'MOUSE001', 5, 65.00);
INSERT INTO INVOICE_DETAILS (INVOICENO, PRODUCT_NO, QTY, PRICE) VALUES (1, 'CABLE001', 50, 8.00);

-- Invoice 2 Details
INSERT INTO INVOICE_DETAILS (INVOICENO, PRODUCT_NO, QTY, PRICE) VALUES (2, 'DESK001', 1, 800.00);
INSERT INTO INVOICE_DETAILS (INVOICENO, PRODUCT_NO, QTY, PRICE) VALUES (2, 'CHAIR001', 1, 350.00);
INSERT INTO INVOICE_DETAILS (INVOICENO, PRODUCT_NO, QTY, PRICE) VALUES (2, 'LIGHT001', 2, 85.00);

-- Invoice 3 Details
INSERT INTO INVOICE_DETAILS (INVOICENO, PRODUCT_NO, QTY, PRICE) VALUES (3, 'PAPER001', 100, 12.00);
INSERT INTO INVOICE_DETAILS (INVOICENO, PRODUCT_NO, QTY, PRICE) VALUES (3, 'PEN001', 10, 35.00);
INSERT INTO INVOICE_DETAILS (INVOICENO, PRODUCT_NO, QTY, PRICE) VALUES (3, 'BOX001', 25, 18.00);

-- Invoice 4 Details
INSERT INTO INVOICE_DETAILS (INVOICENO, PRODUCT_NO, QTY, PRICE) VALUES (4, 'SW001', 5, 300.00);
INSERT INTO INVOICE_DETAILS (INVOICENO, PRODUCT_NO, QTY, PRICE) VALUES (4, 'HDD001', 3, 120.00);
INSERT INTO INVOICE_DETAILS (INVOICENO, PRODUCT_NO, QTY, PRICE) VALUES (4, 'MONITOR001', 2, 250.00);

-- Invoice 5 Details
INSERT INTO INVOICE_DETAILS (INVOICENO, PRODUCT_NO, QTY, PRICE) VALUES (5, 'ROUTER001', 1, 450.00);
INSERT INTO INVOICE_DETAILS (INVOICENO, PRODUCT_NO, QTY, PRICE) VALUES (5, 'CABLE001', 100, 8.00);
INSERT INTO INVOICE_DETAILS (INVOICENO, PRODUCT_NO, QTY, PRICE) VALUES (5, 'CLEAN001', 5, 40.00);

-- Invoice 6 Details
INSERT INTO INVOICE_DETAILS (INVOICENO, PRODUCT_NO, QTY, PRICE) VALUES (6, 'PRINTER001', 1, 550.00);
INSERT INTO INVOICE_DETAILS (INVOICENO, PRODUCT_NO, QTY, PRICE) VALUES (6, 'PAPER001', 50, 12.00);
INSERT INTO INVOICE_DETAILS (INVOICENO, PRODUCT_NO, QTY, PRICE) VALUES (6, 'HELMET001', 10, 70.00);

-- Invoice 7 Details
INSERT INTO INVOICE_DETAILS (INVOICENO, PRODUCT_NO, QTY, PRICE) VALUES (7, 'TABLET001', 3, 400.00);
INSERT INTO INVOICE_DETAILS (INVOICENO, PRODUCT_NO, QTY, PRICE) VALUES (7, 'MOUSE001', 3, 65.00);
INSERT INTO INVOICE_DETAILS (INVOICENO, PRODUCT_NO, QTY, PRICE) VALUES (7, 'LIGHT001', 5, 85.00);

-- Invoice 8 Details
INSERT INTO INVOICE_DETAILS (INVOICENO, PRODUCT_NO, QTY, PRICE) VALUES (8, 'TIRE001', 4, 150.00);
INSERT INTO INVOICE_DETAILS (INVOICENO, PRODUCT_NO, QTY, PRICE) VALUES (8, 'CEMENT001', 20, 15.00);
INSERT INTO INVOICE_DETAILS (INVOICENO, PRODUCT_NO, QTY, PRICE) VALUES (8, 'BOX001', 15, 18.00);

-- Invoice 9 Details
INSERT INTO INVOICE_DETAILS (INVOICENO, PRODUCT_NO, QTY, PRICE) VALUES (9, 'PUMP001', 1, 850.00);
INSERT INTO INVOICE_DETAILS (INVOICENO, PRODUCT_NO, QTY, PRICE) VALUES (9, 'CABLE001', 30, 8.00);
INSERT INTO INVOICE_DETAILS (INVOICENO, PRODUCT_NO, QTY, PRICE) VALUES (9, 'CLEAN001', 3, 40.00);

-- Invoice 10 Details
INSERT INTO INVOICE_DETAILS (INVOICENO, PRODUCT_NO, QTY, PRICE) VALUES (10, 'LAPTOP001', 1, 1200.00);
INSERT INTO INVOICE_DETAILS (INVOICENO, PRODUCT_NO, QTY, PRICE) VALUES (10, 'MONITOR001', 1, 250.00);
INSERT INTO INVOICE_DETAILS (INVOICENO, PRODUCT_NO, QTY, PRICE) VALUES (10, 'MOUSE001', 1, 65.00);

-- Invoice 11 Details
INSERT INTO INVOICE_DETAILS (INVOICENO, PRODUCT_NO, QTY, PRICE) VALUES (11, 'DESK001', 2, 800.00);
INSERT INTO INVOICE_DETAILS (INVOICENO, PRODUCT_NO, QTY, PRICE) VALUES (11, 'CHAIR001', 2, 350.00);
INSERT INTO INVOICE_DETAILS (INVOICENO, PRODUCT_NO, QTY, PRICE) VALUES (11, 'PEN001', 20, 35.00);

-- Invoice 12 Details
INSERT INTO INVOICE_DETAILS (INVOICENO, PRODUCT_NO, QTY, PRICE) VALUES (12, 'SW001', 10, 300.00);
INSERT INTO INVOICE_DETAILS (INVOICENO, PRODUCT_NO, QTY, PRICE) VALUES (12, 'HDD001', 5, 120.00);
INSERT INTO INVOICE_DETAILS (INVOICENO, PRODUCT_NO, QTY, PRICE) VALUES (12, 'PAPER001', 75, 12.00);

-- Invoice 13 Details
INSERT INTO INVOICE_DETAILS (INVOICENO, PRODUCT_NO, QTY, PRICE) VALUES (13, 'ROUTER001', 2, 450.00);
INSERT INTO INVOICE_DETAILS (INVOICENO, PRODUCT_NO, QTY, PRICE) VALUES (13, 'CABLE001', 200, 8.00);
INSERT INTO INVOICE_DETAILS (INVOICENO, PRODUCT_NO, QTY, PRICE) VALUES (13, 'HELMET001', 15, 70.00);

-- Invoice 14 Details
INSERT INTO INVOICE_DETAILS (INVOICENO, PRODUCT_NO, QTY, PRICE) VALUES (14, 'PRINTER001', 2, 550.00);
INSERT INTO INVOICE_DETAILS (INVOICENO, PRODUCT_NO, QTY, PRICE) VALUES (14, 'TABLET001', 1, 400.00);
INSERT INTO INVOICE_DETAILS (INVOICENO, PRODUCT_NO, QTY, PRICE) VALUES (14, 'LIGHT001', 8, 85.00);

-- Invoice 15 Details
INSERT INTO INVOICE_DETAILS (INVOICENO, PRODUCT_NO, QTY, PRICE) VALUES (15, 'TIRE001', 8, 150.00);
INSERT INTO INVOICE_DETAILS (INVOICENO, PRODUCT_NO, QTY, PRICE) VALUES (15, 'CEMENT001', 50, 15.00);
INSERT INTO INVOICE_DETAILS (INVOICENO, PRODUCT_NO, QTY, PRICE) VALUES (15, 'CLEAN001', 10, 40.00);

-- Invoice 16 Details
INSERT INTO INVOICE_DETAILS (INVOICENO, PRODUCT_NO, QTY, PRICE) VALUES (16, 'PUMP001', 2, 850.00);
INSERT INTO INVOICE_DETAILS (INVOICENO, PRODUCT_NO, QTY, PRICE) VALUES (16, 'BOX001', 30, 18.00);
INSERT INTO INVOICE_DETAILS (INVOICENO, PRODUCT_NO, QTY, PRICE) VALUES (16, 'PEN001', 15, 35.00);

-- Invoice 17 Details
INSERT INTO INVOICE_DETAILS (INVOICENO, PRODUCT_NO, QTY, PRICE) VALUES (17, 'LAPTOP001', 3, 1200.00);
INSERT INTO INVOICE_DETAILS (INVOICENO, PRODUCT_NO, QTY, PRICE) VALUES (17, 'MONITOR001', 3, 250.00);
INSERT INTO INVOICE_DETAILS (INVOICENO, PRODUCT_NO, QTY, PRICE) VALUES (17, 'MOUSE001', 6, 65.00);

-- Invoice 18 Details
INSERT INTO INVOICE_DETAILS (INVOICENO, PRODUCT_NO, QTY, PRICE) VALUES (18, 'DESK001', 1, 800.00);
INSERT INTO INVOICE_DETAILS (INVOICENO, PRODUCT_NO, QTY, PRICE) VALUES (18, 'CHAIR001', 1, 350.00);
INSERT INTO INVOICE_DETAILS (INVOICENO, PRODUCT_NO, QTY, PRICE) VALUES (18, 'LIGHT001', 3, 85.00);

-- Invoice 19 Details
INSERT INTO INVOICE_DETAILS (INVOICENO, PRODUCT_NO, QTY, PRICE) VALUES (19, 'SW001', 8, 300.00);
INSERT INTO INVOICE_DETAILS (INVOICENO, PRODUCT_NO, QTY, PRICE) VALUES (19, 'HDD001', 10, 120.00);
INSERT INTO INVOICE_DETAILS (INVOICENO, PRODUCT_NO, QTY, PRICE) VALUES (19, 'CABLE001', 150, 8.00);

-- Invoice 20 Details
INSERT INTO INVOICE_DETAILS (INVOICENO, PRODUCT_NO, QTY, PRICE) VALUES (20, 'ROUTER001', 1, 450.00);
INSERT INTO INVOICE_DETAILS (INVOICENO, PRODUCT_NO, QTY, PRICE) VALUES (20, 'PRINTER001', 1, 550.00);
INSERT INTO INVOICE_DETAILS (INVOICENO, PRODUCT_NO, QTY, PRICE) VALUES (20, 'PAPER001', 100, 12.00);

-- Commit Invoice Details
COMMIT;

-- 9. Insert Current Invoices (August-September 2025) for active reporting
INSERT INTO INVOICES (INVOICENO, INVOICE_DATE, CLIENT_NO, EMPLOYEEID, INVOICE_STATUS, INVOICEMEMO) VALUES (21, DATE '2025-08-20', 1, 6, 'Pending', 'Invoice #21 - Recent business transaction');
INSERT INTO INVOICES (INVOICENO, INVOICE_DATE, CLIENT_NO, EMPLOYEEID, INVOICE_STATUS, INVOICEMEMO) VALUES (22, DATE '2025-08-22', 3, 8, 'Confirmed', 'Invoice #22 - Recent business transaction');
INSERT INTO INVOICES (INVOICENO, INVOICE_DATE, CLIENT_NO, EMPLOYEEID, INVOICE_STATUS, INVOICEMEMO) VALUES (23, DATE '2025-08-25', 5, 2, 'Shipped', 'Invoice #23 - Recent business transaction');
INSERT INTO INVOICES (INVOICENO, INVOICE_DATE, CLIENT_NO, EMPLOYEEID, INVOICE_STATUS, INVOICEMEMO) VALUES (24, DATE '2025-08-28', 7, 10, 'Delivered', 'Invoice #24 - Recent business transaction');
INSERT INTO INVOICES (INVOICENO, INVOICE_DATE, CLIENT_NO, EMPLOYEEID, INVOICE_STATUS, INVOICEMEMO) VALUES (25, DATE '2025-09-01', 2, 4, 'Pending', 'Invoice #25 - Recent business transaction');
INSERT INTO INVOICES (INVOICENO, INVOICE_DATE, CLIENT_NO, EMPLOYEEID, INVOICE_STATUS, INVOICEMEMO) VALUES (26, DATE '2025-09-03', 9, 12, 'Confirmed', 'Invoice #26 - Recent business transaction');
INSERT INTO INVOICES (INVOICENO, INVOICE_DATE, CLIENT_NO, EMPLOYEEID, INVOICE_STATUS, INVOICEMEMO) VALUES (27, DATE '2025-09-05', 11, 15, 'Shipped', 'Invoice #27 - Recent business transaction');
INSERT INTO INVOICES (INVOICENO, INVOICE_DATE, CLIENT_NO, EMPLOYEEID, INVOICE_STATUS, INVOICEMEMO) VALUES (28, DATE '2025-09-08', 4, 7, 'Delivered', 'Invoice #28 - Recent business transaction');
INSERT INTO INVOICES (INVOICENO, INVOICE_DATE, CLIENT_NO, EMPLOYEEID, INVOICE_STATUS, INVOICEMEMO) VALUES (29, DATE '2025-09-10', 13, 9, 'Pending', 'Invoice #29 - Recent business transaction');
INSERT INTO INVOICES (INVOICENO, INVOICE_DATE, CLIENT_NO, EMPLOYEEID, INVOICE_STATUS, INVOICEMEMO) VALUES (30, DATE '2025-09-12', 6, 14, 'Confirmed', 'Invoice #30 - Recent business transaction');
INSERT INTO INVOICES (INVOICENO, INVOICE_DATE, CLIENT_NO, EMPLOYEEID, INVOICE_STATUS, INVOICEMEMO) VALUES (31, DATE '2025-09-14', 15, 1, 'Shipped', 'Invoice #31 - Recent business transaction');
INSERT INTO INVOICES (INVOICENO, INVOICE_DATE, CLIENT_NO, EMPLOYEEID, INVOICE_STATUS, INVOICEMEMO) VALUES (32, DATE '2025-09-16', 8, 18, 'Delivered', 'Invoice #32 - Recent business transaction');
INSERT INTO INVOICES (INVOICENO, INVOICE_DATE, CLIENT_NO, EMPLOYEEID, INVOICE_STATUS, INVOICEMEMO) VALUES (33, DATE '2025-09-17', 12, 3, 'Pending', 'Invoice #33 - Recent business transaction');
INSERT INTO INVOICES (INVOICENO, INVOICE_DATE, CLIENT_NO, EMPLOYEEID, INVOICE_STATUS, INVOICEMEMO) VALUES (34, DATE '2025-09-18', 16, 11, 'Confirmed', 'Invoice #34 - Recent business transaction');
INSERT INTO INVOICES (INVOICENO, INVOICE_DATE, CLIENT_NO, EMPLOYEEID, INVOICE_STATUS, INVOICEMEMO) VALUES (35, DATE '2025-09-19', 20, 16, 'Pending', 'Invoice #35 - Recent business transaction');

-- Commit Recent Invoices
COMMIT;

-- 10. Insert Invoice Details for Recent Invoices
-- Invoice 21 Details
INSERT INTO INVOICE_DETAILS (INVOICENO, PRODUCT_NO, QTY, PRICE) VALUES (21, 'LAPTOP001', 3, 1200.00);
INSERT INTO INVOICE_DETAILS (INVOICENO, PRODUCT_NO, QTY, PRICE) VALUES (21, 'MONITOR001', 3, 250.00);
INSERT INTO INVOICE_DETAILS (INVOICENO, PRODUCT_NO, QTY, PRICE) VALUES (21, 'MOUSE001', 3, 65.00);

-- Invoice 22 Details
INSERT INTO INVOICE_DETAILS (INVOICENO, PRODUCT_NO, QTY, PRICE) VALUES (22, 'SW001', 15, 300.00);
INSERT INTO INVOICE_DETAILS (INVOICENO, PRODUCT_NO, QTY, PRICE) VALUES (22, 'HDD001', 8, 120.00);

-- Invoice 23 Details
INSERT INTO INVOICE_DETAILS (INVOICENO, PRODUCT_NO, QTY, PRICE) VALUES (23, 'DESK001', 2, 800.00);
INSERT INTO INVOICE_DETAILS (INVOICENO, PRODUCT_NO, QTY, PRICE) VALUES (23, 'CHAIR001', 4, 350.00);
INSERT INTO INVOICE_DETAILS (INVOICENO, PRODUCT_NO, QTY, PRICE) VALUES (23, 'LIGHT001', 6, 85.00);

-- Invoice 24 Details
INSERT INTO INVOICE_DETAILS (INVOICENO, PRODUCT_NO, QTY, PRICE) VALUES (24, 'PRINTER001', 2, 550.00);
INSERT INTO INVOICE_DETAILS (INVOICENO, PRODUCT_NO, QTY, PRICE) VALUES (24, 'PAPER001', 200, 12.00);

-- Invoice 25 Details
INSERT INTO INVOICE_DETAILS (INVOICENO, PRODUCT_NO, QTY, PRICE) VALUES (25, 'ROUTER001', 3, 450.00);
INSERT INTO INVOICE_DETAILS (INVOICENO, PRODUCT_NO, QTY, PRICE) VALUES (25, 'CABLE001', 500, 8.00);

-- Invoice 26 Details
INSERT INTO INVOICE_DETAILS (INVOICENO, PRODUCT_NO, QTY, PRICE) VALUES (26, 'TABLET001', 5, 400.00);
INSERT INTO INVOICE_DETAILS (INVOICENO, PRODUCT_NO, QTY, PRICE) VALUES (26, 'MOUSE001', 10, 65.00);

-- Invoice 27 Details
INSERT INTO INVOICE_DETAILS (INVOICENO, PRODUCT_NO, QTY, PRICE) VALUES (27, 'CLEAN001', 20, 40.00);
INSERT INTO INVOICE_DETAILS (INVOICENO, PRODUCT_NO, QTY, PRICE) VALUES (27, 'HELMET001', 25, 70.00);

-- Invoice 28 Details
INSERT INTO INVOICE_DETAILS (INVOICENO, PRODUCT_NO, QTY, PRICE) VALUES (28, 'PUMP001', 1, 850.00);
INSERT INTO INVOICE_DETAILS (INVOICENO, PRODUCT_NO, QTY, PRICE) VALUES (28, 'CEMENT001', 30, 15.00);

-- Invoice 29 Details
INSERT INTO INVOICE_DETAILS (INVOICENO, PRODUCT_NO, QTY, PRICE) VALUES (29, 'TIRE001', 12, 150.00);
INSERT INTO INVOICE_DETAILS (INVOICENO, PRODUCT_NO, QTY, PRICE) VALUES (29, 'BOX001', 40, 18.00);

-- Invoice 30 Details
INSERT INTO INVOICE_DETAILS (INVOICENO, PRODUCT_NO, QTY, PRICE) VALUES (30, 'PEN001', 50, 35.00);
INSERT INTO INVOICE_DETAILS (INVOICENO, PRODUCT_NO, QTY, PRICE) VALUES (30, 'PAPER001', 150, 12.00);

-- Invoice 31 Details
INSERT INTO INVOICE_DETAILS (INVOICENO, PRODUCT_NO, QTY, PRICE) VALUES (31, 'LAPTOP001', 1, 1200.00);
INSERT INTO INVOICE_DETAILS (INVOICENO, PRODUCT_NO, QTY, PRICE) VALUES (31, 'SW001', 3, 300.00);

-- Invoice 32 Details
INSERT INTO INVOICE_DETAILS (INVOICENO, PRODUCT_NO, QTY, PRICE) VALUES (32, 'ROUTER001', 2, 450.00);
INSERT INTO INVOICE_DETAILS (INVOICENO, PRODUCT_NO, QTY, PRICE) VALUES (32, 'PRINTER001', 1, 550.00);

-- Invoice 33 Details
INSERT INTO INVOICE_DETAILS (INVOICENO, PRODUCT_NO, QTY, PRICE) VALUES (33, 'MONITOR001', 5, 250.00);
INSERT INTO INVOICE_DETAILS (INVOICENO, PRODUCT_NO, QTY, PRICE) VALUES (33, 'CABLE001', 50, 8.00);

-- Invoice 34 Details
INSERT INTO INVOICE_DETAILS (INVOICENO, PRODUCT_NO, QTY, PRICE) VALUES (34, 'HDD001', 12, 120.00);
INSERT INTO INVOICE_DETAILS (INVOICENO, PRODUCT_NO, QTY, PRICE) VALUES (34, 'LIGHT001', 15, 85.00);

-- Invoice 35 Details (Today's invoice)
INSERT INTO INVOICE_DETAILS (INVOICENO, PRODUCT_NO, QTY, PRICE) VALUES (35, 'TABLET001', 2, 400.00);
INSERT INTO INVOICE_DETAILS (INVOICENO, PRODUCT_NO, QTY, PRICE) VALUES (35, 'DESK001', 1, 800.00);
INSERT INTO INVOICE_DETAILS (INVOICENO, PRODUCT_NO, QTY, PRICE) VALUES (35, 'CHAIR001', 1, 350.00);

-- Commit Recent Invoice Details
COMMIT;

-- Display completion message
SELECT 'Sample data insertion completed successfully!' AS STATUS FROM DUAL;