-- Insert sample data for all tables
-- This script will populate all tables with meaningful test data

-- 1. Insert Client Types (20 records)
INSERT INTO Client_Type (TYPE_NAME, DISCOUNT_RATE, REMARKS) VALUES ('Premium Corporate', 15.00, 'High-volume corporate clients');
INSERT INTO Client_Type (TYPE_NAME, DISCOUNT_RATE, REMARKS) VALUES ('Standard Corporate', 10.00, 'Regular corporate clients');
INSERT INTO Client_Type (TYPE_NAME, DISCOUNT_RATE, REMARKS) VALUES ('Small Business', 8.00, 'Small business clients');
INSERT INTO Client_Type (TYPE_NAME, DISCOUNT_RATE, REMARKS) VALUES ('Government', 12.00, 'Government agencies');
INSERT INTO Client_Type (TYPE_NAME, DISCOUNT_RATE, REMARKS) VALUES ('Non-Profit', 20.00, 'Non-profit organizations');
INSERT INTO Client_Type (TYPE_NAME, DISCOUNT_RATE, REMARKS) VALUES ('Educational', 18.00, 'Schools and universities');
INSERT INTO Client_Type (TYPE_NAME, DISCOUNT_RATE, REMARKS) VALUES ('Healthcare', 14.00, 'Hospitals and clinics');
INSERT INTO Client_Type (TYPE_NAME, DISCOUNT_RATE, REMARKS) VALUES ('Retail Chain', 11.00, 'Retail chain stores');
INSERT INTO Client_Type (TYPE_NAME, DISCOUNT_RATE, REMARKS) VALUES ('Individual', 5.00, 'Individual customers');
INSERT INTO Client_Type (TYPE_NAME, DISCOUNT_RATE, REMARKS) VALUES ('Startup', 7.00, 'Startup companies');
INSERT INTO Client_Type (TYPE_NAME, DISCOUNT_RATE, REMARKS) VALUES ('Manufacturing', 13.00, 'Manufacturing companies');
INSERT INTO Client_Type (TYPE_NAME, DISCOUNT_RATE, REMARKS) VALUES ('Technology', 9.00, 'Technology companies');
INSERT INTO Client_Type (TYPE_NAME, DISCOUNT_RATE, REMARKS) VALUES ('Financial', 16.00, 'Banks and financial institutions');
INSERT INTO Client_Type (TYPE_NAME, DISCOUNT_RATE, REMARKS) VALUES ('Real Estate', 6.00, 'Real estate companies');
INSERT INTO Client_Type (TYPE_NAME, DISCOUNT_RATE, REMARKS) VALUES ('Consulting', 8.50, 'Consulting firms');
INSERT INTO Client_Type (TYPE_NAME, DISCOUNT_RATE, REMARKS) VALUES ('Media', 10.50, 'Media and advertising companies');
INSERT INTO Client_Type (TYPE_NAME, DISCOUNT_RATE, REMARKS) VALUES ('Transportation', 12.50, 'Transportation companies');
INSERT INTO Client_Type (TYPE_NAME, DISCOUNT_RATE, REMARKS) VALUES ('Energy', 14.50, 'Energy sector companies');
INSERT INTO Client_Type (TYPE_NAME, DISCOUNT_RATE, REMARKS) VALUES ('Food Service', 9.50, 'Restaurants and food services');
INSERT INTO Client_Type (TYPE_NAME, DISCOUNT_RATE, REMARKS) VALUES ('Entertainment', 11.50, 'Entertainment industry');

-- 2. Insert Product Types (20 records)
INSERT INTO Product_Type (PRODUCTTYPE_NAME, REMARKS) VALUES ('Electronics', 'Electronic devices and components');
INSERT INTO Product_Type (PRODUCTTYPE_NAME, REMARKS) VALUES ('Office Supplies', 'General office supplies');
INSERT INTO Product_Type (PRODUCTTYPE_NAME, REMARKS) VALUES ('Furniture', 'Office and home furniture');
INSERT INTO Product_Type (PRODUCTTYPE_NAME, REMARKS) VALUES ('Software', 'Software licenses and tools');
INSERT INTO Product_Type (PRODUCTTYPE_NAME, REMARKS) VALUES ('Hardware', 'Computer hardware components');
INSERT INTO Product_Type (PRODUCTTYPE_NAME, REMARKS) VALUES ('Networking', 'Network equipment and cables');
INSERT INTO Product_Type (PRODUCTTYPE_NAME, REMARKS) VALUES ('Security', 'Security systems and equipment');
INSERT INTO Product_Type (PRODUCTTYPE_NAME, REMARKS) VALUES ('Printing', 'Printers and printing supplies');
INSERT INTO Product_Type (PRODUCTTYPE_NAME, REMARKS) VALUES ('Storage', 'Data storage solutions');
INSERT INTO Product_Type (PRODUCTTYPE_NAME, REMARKS) VALUES ('Accessories', 'Computer and office accessories');
INSERT INTO Product_Type (PRODUCTTYPE_NAME, REMARKS) VALUES ('Tools', 'Professional tools and equipment');
INSERT INTO Product_Type (PRODUCTTYPE_NAME, REMARKS) VALUES ('Cleaning', 'Cleaning supplies and equipment');
INSERT INTO Product_Type (PRODUCTTYPE_NAME, REMARKS) VALUES ('Lighting', 'Lighting fixtures and bulbs');
INSERT INTO Product_Type (PRODUCTTYPE_NAME, REMARKS) VALUES ('Stationery', 'Paper and writing materials');
INSERT INTO Product_Type (PRODUCTTYPE_NAME, REMARKS) VALUES ('Packaging', 'Packaging materials and supplies');
INSERT INTO Product_Type (PRODUCTTYPE_NAME, REMARKS) VALUES ('Safety', 'Safety equipment and supplies');
INSERT INTO Product_Type (PRODUCTTYPE_NAME, REMARKS) VALUES ('Medical', 'Medical supplies and equipment');
INSERT INTO Product_Type (PRODUCTTYPE_NAME, REMARKS) VALUES ('Automotive', 'Automotive parts and accessories');
INSERT INTO Product_Type (PRODUCTTYPE_NAME, REMARKS) VALUES ('Construction', 'Construction materials');
INSERT INTO Product_Type (PRODUCTTYPE_NAME, REMARKS) VALUES ('Industrial', 'Industrial equipment');

-- 3. Insert Jobs (20 records)
INSERT INTO JOBS (JOB_TITLE, MIN_SALARY, MAX_SALARY) VALUES ('Software Developer', 50000, 90000);
INSERT INTO JOBS (JOB_TITLE, MIN_SALARY, MAX_SALARY) VALUES ('Project Manager', 70000, 120000);
INSERT INTO JOBS (JOB_TITLE, MIN_SALARY, MAX_SALARY) VALUES ('Database Administrator', 60000, 100000);
INSERT INTO JOBS (JOB_TITLE, MIN_SALARY, MAX_SALARY) VALUES ('System Analyst', 55000, 85000);
INSERT INTO JOBS (JOB_TITLE, MIN_SALARY, MAX_SALARY) VALUES ('HR Manager', 50000, 80000);
INSERT INTO JOBS (JOB_TITLE, MIN_SALARY, MAX_SALARY) VALUES ('Sales Representative', 30000, 60000);
INSERT INTO JOBS (JOB_TITLE, MIN_SALARY, MAX_SALARY) VALUES ('Marketing Specialist', 40000, 70000);
INSERT INTO JOBS (JOB_TITLE, MIN_SALARY, MAX_SALARY) VALUES ('Accountant', 45000, 75000);
INSERT INTO JOBS (JOB_TITLE, MIN_SALARY, MAX_SALARY) VALUES ('Customer Service Rep', 25000, 45000);
INSERT INTO JOBS (JOB_TITLE, MIN_SALARY, MAX_SALARY) VALUES ('Operations Manager', 65000, 110000);
INSERT INTO JOBS (JOB_TITLE, MIN_SALARY, MAX_SALARY) VALUES ('Quality Assurance', 40000, 70000);
INSERT INTO JOBS (JOB_TITLE, MIN_SALARY, MAX_SALARY) VALUES ('Network Administrator', 55000, 90000);
INSERT INTO JOBS (JOB_TITLE, MIN_SALARY, MAX_SALARY) VALUES ('Business Analyst', 60000, 95000);
INSERT INTO JOBS (JOB_TITLE, MIN_SALARY, MAX_SALARY) VALUES ('Technical Writer', 35000, 65000);
INSERT INTO JOBS (JOB_TITLE, MIN_SALARY, MAX_SALARY) VALUES ('IT Support Specialist', 30000, 55000);
INSERT INTO JOBS (JOB_TITLE, MIN_SALARY, MAX_SALARY) VALUES ('Financial Analyst', 50000, 85000);
INSERT INTO JOBS (JOB_TITLE, MIN_SALARY, MAX_SALARY) VALUES ('Procurement Manager', 55000, 90000);
INSERT INTO JOBS (JOB_TITLE, MIN_SALARY, MAX_SALARY) VALUES ('Security Specialist', 60000, 100000);
INSERT INTO JOBS (JOB_TITLE, MIN_SALARY, MAX_SALARY) VALUES ('Training Coordinator', 35000, 60000);
INSERT INTO JOBS (JOB_TITLE, MIN_SALARY, MAX_SALARY) VALUES ('Executive Assistant', 35000, 65000);

-- 4. Insert Clients (20 records)
INSERT INTO Clients (CLIENTNAME, ADDRESS, CITY, PHONE, CLIENT_TYPE, DISCOUNT) VALUES ('TechCorp Solutions', '123 Business Ave', 'New York', '555-0101', 1, 15.00);
INSERT INTO Clients (CLIENTNAME, ADDRESS, CITY, PHONE, CLIENT_TYPE, DISCOUNT) VALUES ('Global Industries', '456 Corporate Blvd', 'Los Angeles', '555-0102', 2, 10.00);
INSERT INTO Clients (CLIENTNAME, ADDRESS, CITY, PHONE, CLIENT_TYPE, DISCOUNT) VALUES ('City Hospital', '789 Health St', 'Chicago', '555-0103', 7, 14.00);
INSERT INTO Clients (CLIENTNAME, ADDRESS, CITY, PHONE, CLIENT_TYPE, DISCOUNT) VALUES ('Metro University', '321 Education Way', 'Boston', '555-0104', 6, 18.00);
INSERT INTO Clients (CLIENTNAME, ADDRESS, CITY, PHONE, CLIENT_TYPE, DISCOUNT) VALUES ('SmallBiz Inc', '654 Startup Lane', 'Austin', '555-0105', 3, 8.00);
INSERT INTO Clients (CLIENTNAME, ADDRESS, CITY, PHONE, CLIENT_TYPE, DISCOUNT) VALUES ('State Department', '987 Government Plaza', 'Washington', '555-0106', 4, 12.00);
INSERT INTO Clients (CLIENTNAME, ADDRESS, CITY, PHONE, CLIENT_TYPE, DISCOUNT) VALUES ('Green Foundation', '147 Charity Circle', 'Portland', '555-0107', 5, 20.00);
INSERT INTO Clients (CLIENTNAME, ADDRESS, CITY, PHONE, CLIENT_TYPE, DISCOUNT) VALUES ('MegaRetail Chain', '258 Shopping Center', 'Miami', '555-0108', 8, 11.00);
INSERT INTO Clients (CLIENTNAME, ADDRESS, CITY, PHONE, CLIENT_TYPE, DISCOUNT) VALUES ('John Individual', '369 Home Street', 'Denver', '555-0109', 9, 5.00);
INSERT INTO Clients (CLIENTNAME, ADDRESS, CITY, PHONE, CLIENT_TYPE, DISCOUNT) VALUES ('Innovation Startup', '741 Tech Park', 'San Francisco', '555-0110', 10, 7.00);
INSERT INTO Clients (CLIENTNAME, ADDRESS, CITY, PHONE, CLIENT_TYPE, DISCOUNT) VALUES ('Manufacturing Co', '852 Industrial Rd', 'Detroit', '555-0111', 11, 13.00);
INSERT INTO Clients (CLIENTNAME, ADDRESS, CITY, PHONE, CLIENT_TYPE, DISCOUNT) VALUES ('Digital Solutions', '963 Silicon Valley', 'San Jose', '555-0112', 12, 9.00);
INSERT INTO Clients (CLIENTNAME, ADDRESS, CITY, PHONE, CLIENT_TYPE, DISCOUNT) VALUES ('First National Bank', '159 Finance District', 'Charlotte', '555-0113', 13, 16.00);
INSERT INTO Clients (CLIENTNAME, ADDRESS, CITY, PHONE, CLIENT_TYPE, DISCOUNT) VALUES ('Property Partners', '267 Real Estate Ave', 'Phoenix', '555-0114', 14, 6.00);
INSERT INTO Clients (CLIENTNAME, ADDRESS, CITY, PHONE, CLIENT_TYPE, DISCOUNT) VALUES ('Strategic Consulting', '375 Advisory Street', 'Seattle', '555-0115', 15, 8.50);
INSERT INTO Clients (CLIENTNAME, ADDRESS, CITY, PHONE, CLIENT_TYPE, DISCOUNT) VALUES ('Creative Media Group', '486 Marketing Blvd', 'Atlanta', '555-0116', 16, 10.50);
INSERT INTO Clients (CLIENTNAME, ADDRESS, CITY, PHONE, CLIENT_TYPE, DISCOUNT) VALUES ('Express Transport', '597 Logistics Way', 'Kansas City', '555-0117', 17, 12.50);
INSERT INTO Clients (CLIENTNAME, ADDRESS, CITY, PHONE, CLIENT_TYPE, DISCOUNT) VALUES ('Power Energy Corp', '608 Utility Avenue', 'Houston', '555-0118', 18, 14.50);
INSERT INTO Clients (CLIENTNAME, ADDRESS, CITY, PHONE, CLIENT_TYPE, DISCOUNT) VALUES ('Tasty Restaurant Group', '719 Food Court', 'Las Vegas', '555-0119', 19, 9.50);
INSERT INTO Clients (CLIENTNAME, ADDRESS, CITY, PHONE, CLIENT_TYPE, DISCOUNT) VALUES ('Entertainment Studios', '820 Show Business Dr', 'Los Angeles', '555-0120', 20, 11.50);

-- 5. Insert Products (20 records)
INSERT INTO Products (PRODUCT_NO, PRODUCTNAME, PRODUCTTYPE, PROFIT_PERCENT, UNIT_MEASURE, REORDER_LEVEL, SELL_PRICE, COST_PRICE, QTY_ON_HAND) VALUES ('LAPTOP001', 'Business Laptop Pro', 1, 25.00, 'pieces', 10, 1200.00, 960.00, 50);
INSERT INTO Products (PRODUCT_NO, PRODUCTNAME, PRODUCTTYPE, PROFIT_PERCENT, UNIT_MEASURE, REORDER_LEVEL, SELL_PRICE, COST_PRICE, QTY_ON_HAND) VALUES ('DESK001', 'Executive Office Desk', 3, 40.00, 'pieces', 5, 800.00, 571.43, 15);
INSERT INTO Products (PRODUCT_NO, PRODUCTNAME, PRODUCTTYPE, PROFIT_PERCENT, UNIT_MEASURE, REORDER_LEVEL, SELL_PRICE, COST_PRICE, QTY_ON_HAND) VALUES ('PAPER001', 'Premium Copy Paper', 2, 20.00, 'reams', 100, 12.00, 10.00, 500);
INSERT INTO Products (PRODUCT_NO, PRODUCTNAME, PRODUCTTYPE, PROFIT_PERCENT, UNIT_MEASURE, REORDER_LEVEL, SELL_PRICE, COST_PRICE, QTY_ON_HAND) VALUES ('SW001', 'Office Suite License', 4, 50.00, 'licenses', 20, 300.00, 200.00, 100);
INSERT INTO Products (PRODUCT_NO, PRODUCTNAME, PRODUCTTYPE, PROFIT_PERCENT, UNIT_MEASURE, REORDER_LEVEL, SELL_PRICE, COST_PRICE, QTY_ON_HAND) VALUES ('ROUTER001', 'Enterprise Router', 6, 30.00, 'pieces', 8, 450.00, 346.15, 25);
INSERT INTO Products (PRODUCT_NO, PRODUCTNAME, PRODUCTTYPE, PROFIT_PERCENT, UNIT_MEASURE, REORDER_LEVEL, SELL_PRICE, COST_PRICE, QTY_ON_HAND) VALUES ('CHAIR001', 'Ergonomic Office Chair', 3, 35.00, 'pieces', 12, 350.00, 259.26, 30);
INSERT INTO Products (PRODUCT_NO, PRODUCTNAME, PRODUCTTYPE, PROFIT_PERCENT, UNIT_MEASURE, REORDER_LEVEL, SELL_PRICE, COST_PRICE, QTY_ON_HAND) VALUES ('PRINTER001', 'Laser Printer 3000', 8, 22.00, 'pieces', 6, 550.00, 450.82, 18);
INSERT INTO Products (PRODUCT_NO, PRODUCTNAME, PRODUCTTYPE, PROFIT_PERCENT, UNIT_MEASURE, REORDER_LEVEL, SELL_PRICE, COST_PRICE, QTY_ON_HAND) VALUES ('HDD001', 'External Hard Drive 2TB', 9, 28.00, 'pieces', 15, 120.00, 93.75, 75);
INSERT INTO Products (PRODUCT_NO, PRODUCTNAME, PRODUCTTYPE, PROFIT_PERCENT, UNIT_MEASURE, REORDER_LEVEL, SELL_PRICE, COST_PRICE, QTY_ON_HAND) VALUES ('MOUSE001', 'Wireless Mouse Pro', 10, 45.00, 'pieces', 25, 65.00, 44.83, 120);
INSERT INTO Products (PRODUCT_NO, PRODUCTNAME, PRODUCTTYPE, PROFIT_PERCENT, UNIT_MEASURE, REORDER_LEVEL, SELL_PRICE, COST_PRICE, QTY_ON_HAND) VALUES ('CABLE001', 'Network Cable Cat6', 6, 60.00, 'meters', 200, 8.00, 5.00, 1000);
INSERT INTO Products (PRODUCT_NO, PRODUCTNAME, PRODUCTTYPE, PROFIT_PERCENT, UNIT_MEASURE, REORDER_LEVEL, SELL_PRICE, COST_PRICE, QTY_ON_HAND) VALUES ('CLEAN001', 'Office Cleaning Kit', 12, 100.00, 'kits', 30, 40.00, 20.00, 80);
INSERT INTO Products (PRODUCT_NO, PRODUCTNAME, PRODUCTTYPE, PROFIT_PERCENT, UNIT_MEASURE, REORDER_LEVEL, SELL_PRICE, COST_PRICE, QTY_ON_HAND) VALUES ('LIGHT001', 'LED Desk Lamp', 13, 55.00, 'pieces', 20, 85.00, 54.84, 45);
INSERT INTO Products (PRODUCT_NO, PRODUCTNAME, PRODUCTTYPE, PROFIT_PERCENT, UNIT_MEASURE, REORDER_LEVEL, SELL_PRICE, COST_PRICE, QTY_ON_HAND) VALUES ('PEN001', 'Executive Pen Set', 14, 75.00, 'sets', 40, 35.00, 20.00, 150);
INSERT INTO Products (PRODUCT_NO, PRODUCTNAME, PRODUCTTYPE, PROFIT_PERCENT, UNIT_MEASURE, REORDER_LEVEL, SELL_PRICE, COST_PRICE, QTY_ON_HAND) VALUES ('BOX001', 'Shipping Boxes Large', 15, 80.00, 'pieces', 50, 18.00, 10.00, 200);
INSERT INTO Products (PRODUCT_NO, PRODUCTNAME, PRODUCTTYPE, PROFIT_PERCENT, UNIT_MEASURE, REORDER_LEVEL, SELL_PRICE, COST_PRICE, QTY_ON_HAND) VALUES ('HELMET001', 'Safety Helmet', 16, 40.00, 'pieces', 25, 70.00, 50.00, 60);
INSERT INTO Products (PRODUCT_NO, PRODUCTNAME, PRODUCTTYPE, PROFIT_PERCENT, UNIT_MEASURE, REORDER_LEVEL, SELL_PRICE, COST_PRICE, QTY_ON_HAND) VALUES ('TABLET001', 'Medical Tablet 10inch', 17, 30.00, 'pieces', 8, 400.00, 307.69, 22);
INSERT INTO Products (PRODUCT_NO, PRODUCTNAME, PRODUCTTYPE, PROFIT_PERCENT, UNIT_MEASURE, REORDER_LEVEL, SELL_PRICE, COST_PRICE, QTY_ON_HAND) VALUES ('TIRE001', 'All-Season Tire 15inch', 18, 35.00, 'pieces', 20, 150.00, 111.11, 40);
INSERT INTO Products (PRODUCT_NO, PRODUCTNAME, PRODUCTTYPE, PROFIT_PERCENT, UNIT_MEASURE, REORDER_LEVEL, SELL_PRICE, COST_PRICE, QTY_ON_HAND) VALUES ('CEMENT001', 'Portland Cement Bag', 19, 25.00, 'bags', 100, 15.00, 12.00, 300);
INSERT INTO Products (PRODUCT_NO, PRODUCTNAME, PRODUCTTYPE, PROFIT_PERCENT, UNIT_MEASURE, REORDER_LEVEL, SELL_PRICE, COST_PRICE, QTY_ON_HAND) VALUES ('PUMP001', 'Industrial Water Pump', 20, 45.00, 'pieces', 5, 850.00, 586.21, 12);
INSERT INTO Products (PRODUCT_NO, PRODUCTNAME, PRODUCTTYPE, PROFIT_PERCENT, UNIT_MEASURE, REORDER_LEVEL, SELL_PRICE, COST_PRICE, QTY_ON_HAND) VALUES ('MONITOR001', 'LED Monitor 24inch', 1, 32.00, 'pieces', 15, 250.00, 189.39, 35);

-- 6. Insert Employees (20 records)
INSERT INTO Employees (EMPLOYEENAME, GENDER, BIRTHDATE, JOB_ID, ADDRESS, PHONE, SALARY, REMARKS) VALUES ('John Smith', 'Male', DATE '1985-03-15', 1, '123 Main St, New York', '555-1001', 75000, 'Senior developer');
INSERT INTO Employees (EMPLOYEENAME, GENDER, BIRTHDATE, JOB_ID, ADDRESS, PHONE, SALARY, REMARKS) VALUES ('Sarah Johnson', 'Female', DATE '1982-07-22', 2, '456 Oak Ave, Los Angeles', '555-1002', 95000, 'Experienced PM');
INSERT INTO Employees (EMPLOYEENAME, GENDER, BIRTHDATE, JOB_ID, ADDRESS, PHONE, SALARY, REMARKS) VALUES ('Michael Brown', 'Male', DATE '1980-11-08', 3, '789 Pine Rd, Chicago', '555-1003', 80000, 'Oracle specialist');
INSERT INTO Employees (EMPLOYEENAME, GENDER, BIRTHDATE, JOB_ID, ADDRESS, PHONE, SALARY, REMARKS) VALUES ('Emily Davis', 'Female', DATE '1988-05-12', 4, '321 Elm St, Houston', '555-1004', 70000, 'Business systems analyst');
INSERT INTO Employees (EMPLOYEENAME, GENDER, BIRTHDATE, JOB_ID, ADDRESS, PHONE, SALARY, REMARKS) VALUES ('David Wilson', 'Male', DATE '1975-09-30', 5, '654 Maple Dr, Phoenix', '555-1005', 65000, 'HR team lead');
INSERT INTO Employees (EMPLOYEENAME, GENDER, BIRTHDATE, JOB_ID, ADDRESS, PHONE, SALARY, REMARKS) VALUES ('Jennifer Miller', 'Female', DATE '1990-01-18', 6, '987 Cedar Ln, Philadelphia', '555-1006', 45000, 'Top sales performer');
INSERT INTO Employees (EMPLOYEENAME, GENDER, BIRTHDATE, JOB_ID, ADDRESS, PHONE, SALARY, REMARKS) VALUES ('Robert Taylor', 'Male', DATE '1987-12-05', 7, '147 Birch Way, San Antonio', '555-1007', 55000, 'Digital marketing expert');
INSERT INTO Employees (EMPLOYEENAME, GENDER, BIRTHDATE, JOB_ID, ADDRESS, PHONE, SALARY, REMARKS) VALUES ('Lisa Anderson', 'Female', DATE '1983-06-25', 8, '258 Spruce St, San Diego', '555-1008', 60000, 'CPA certified');
INSERT INTO Employees (EMPLOYEENAME, GENDER, BIRTHDATE, JOB_ID, ADDRESS, PHONE, SALARY, REMARKS) VALUES ('James Thomas', 'Male', DATE '1992-04-10', 9, '369 Willow Ave, Dallas', '555-1009', 35000, 'Customer service lead');
INSERT INTO Employees (EMPLOYEENAME, GENDER, BIRTHDATE, JOB_ID, ADDRESS, PHONE, SALARY, REMARKS) VALUES ('Maria Garcia', 'Female', DATE '1979-08-17', 10, '741 Poplar Dr, San Jose', '555-1010', 90000, 'Operations director');
INSERT INTO Employees (EMPLOYEENAME, GENDER, BIRTHDATE, JOB_ID, ADDRESS, PHONE, SALARY, REMARKS) VALUES ('Christopher Lee', 'Male', DATE '1986-02-28', 11, '852 Ash Rd, Austin', '555-1011', 55000, 'QA team lead');
INSERT INTO Employees (EMPLOYEENAME, GENDER, BIRTHDATE, JOB_ID, ADDRESS, PHONE, SALARY, REMARKS) VALUES ('Amanda White', 'Female', DATE '1984-10-14', 12, '963 Hickory St, Jacksonville', '555-1012', 72000, 'Network security specialist');
INSERT INTO Employees (EMPLOYEENAME, GENDER, BIRTHDATE, JOB_ID, ADDRESS, PHONE, SALARY, REMARKS) VALUES ('Daniel Martin', 'Male', DATE '1989-07-03', 13, '159 Walnut Ave, Fort Worth', '555-1013', 77000, 'Business intelligence analyst');
INSERT INTO Employees (EMPLOYEENAME, GENDER, BIRTHDATE, JOB_ID, ADDRESS, PHONE, SALARY, REMARKS) VALUES ('Jessica Thompson', 'Female', DATE '1991-12-21', 14, '267 Chestnut Dr, Columbus', '555-1014', 50000, 'Technical documentation lead');
INSERT INTO Employees (EMPLOYEENAME, GENDER, BIRTHDATE, JOB_ID, ADDRESS, PHONE, SALARY, REMARKS) VALUES ('Matthew Clark', 'Male', DATE '1993-03-09', 15, '375 Sycamore Ln, Charlotte', '555-1015', 42000, 'IT helpdesk supervisor');
INSERT INTO Employees (EMPLOYEENAME, GENDER, BIRTHDATE, JOB_ID, ADDRESS, PHONE, SALARY, REMARKS) VALUES ('Ashley Rodriguez', 'Female', DATE '1981-11-26', 16, '486 Beech Way, Seattle', '555-1016', 67000, 'Financial planning analyst');
INSERT INTO Employees (EMPLOYEENAME, GENDER, BIRTHDATE, JOB_ID, ADDRESS, PHONE, SALARY, REMARKS) VALUES ('Kevin Lewis', 'Male', DATE '1978-05-13', 17, '597 Magnolia St, Denver', '555-1017', 72000, 'Procurement specialist');
INSERT INTO Employees (EMPLOYEENAME, GENDER, BIRTHDATE, JOB_ID, ADDRESS, PHONE, SALARY, REMARKS) VALUES ('Michelle Walker', 'Female', DATE '1985-09-07', 18, '608 Dogwood Ave, Washington', '555-1018', 85000, 'Cybersecurity expert');
INSERT INTO Employees (EMPLOYEENAME, GENDER, BIRTHDATE, JOB_ID, ADDRESS, PHONE, SALARY, REMARKS) VALUES ('Andrew Hall', 'Male', DATE '1990-06-19', 19, '719 Redwood Dr, Boston', '555-1019', 47000, 'Training program coordinator');
INSERT INTO Employees (EMPLOYEENAME, GENDER, BIRTHDATE, JOB_ID, ADDRESS, PHONE, SALARY, REMARKS) VALUES ('Stephanie Young', 'Female', DATE '1987-01-31', 20, '820 Palm St, Nashville', '555-1020', 52000, 'Executive support specialist');

-- 7. Insert Invoices (20 records)
INSERT INTO INVOICES (INVOICE_DATE, CLIENT_NO, EMPLOYEEID, INVOICE_STATUS, INVOICEMEMO) VALUES (DATE '2024-01-15', 1, 6, 'Paid', 'Corporate laptop order');
INSERT INTO INVOICES (INVOICE_DATE, CLIENT_NO, EMPLOYEEID, INVOICE_STATUS, INVOICEMEMO) VALUES (DATE '2024-01-18', 2, 6, 'Pending', 'Office furniture setup');
INSERT INTO INVOICES (INVOICE_DATE, CLIENT_NO, EMPLOYEEID, INVOICE_STATUS, INVOICEMEMO) VALUES (DATE '2024-01-22', 3, 6, 'Paid', 'Hospital equipment order');
INSERT INTO INVOICES (INVOICE_DATE, CLIENT_NO, EMPLOYEEID, INVOICE_STATUS, INVOICEMEMO) VALUES (DATE '2024-01-25', 4, 6, 'Paid', 'University IT supplies');
INSERT INTO INVOICES (INVOICE_DATE, CLIENT_NO, EMPLOYEEID, INVOICE_STATUS, INVOICEMEMO) VALUES (DATE '2024-02-01', 5, 6, 'Overdue', 'Small business starter pack');
INSERT INTO INVOICES (INVOICE_DATE, CLIENT_NO, EMPLOYEEID, INVOICE_STATUS, INVOICEMEMO) VALUES (DATE '2024-02-05', 6, 6, 'Paid', 'Government office supplies');
INSERT INTO INVOICES (INVOICE_DATE, CLIENT_NO, EMPLOYEEID, INVOICE_STATUS, INVOICEMEMO) VALUES (DATE '2024-02-10', 7, 6, 'Paid', 'Non-profit organization setup');
INSERT INTO INVOICES (INVOICE_DATE, CLIENT_NO, EMPLOYEEID, INVOICE_STATUS, INVOICEMEMO) VALUES (DATE '2024-02-15', 8, 6, 'Pending', 'Retail chain equipment');
INSERT INTO INVOICES (INVOICE_DATE, CLIENT_NO, EMPLOYEEID, INVOICE_STATUS, INVOICEMEMO) VALUES (DATE '2024-02-20', 9, 6, 'Paid', 'Individual customer order');
INSERT INTO INVOICES (INVOICE_DATE, CLIENT_NO, EMPLOYEEID, INVOICE_STATUS, INVOICEMEMO) VALUES (DATE '2024-02-25', 10, 6, 'Paid', 'Startup technology package');
INSERT INTO INVOICES (INVOICE_DATE, CLIENT_NO, EMPLOYEEID, INVOICE_STATUS, INVOICEMEMO) VALUES (DATE '2024-03-01', 11, 6, 'Pending', 'Manufacturing equipment');
INSERT INTO INVOICES (INVOICE_DATE, CLIENT_NO, EMPLOYEEID, INVOICE_STATUS, INVOICEMEMO) VALUES (DATE '2024-03-05', 12, 6, 'Paid', 'Digital solutions package');
INSERT INTO INVOICES (INVOICE_DATE, CLIENT_NO, EMPLOYEEID, INVOICE_STATUS, INVOICEMEMO) VALUES (DATE '2024-03-10', 13, 6, 'Paid', 'Banking security systems');
INSERT INTO INVOICES (INVOICE_DATE, CLIENT_NO, EMPLOYEEID, INVOICE_STATUS, INVOICEMEMO) VALUES (DATE '2024-03-15', 14, 6, 'Overdue', 'Real estate office setup');
INSERT INTO INVOICES (INVOICE_DATE, CLIENT_NO, EMPLOYEEID, INVOICE_STATUS, INVOICEMEMO) VALUES (DATE '2024-03-20', 15, 6, 'Paid', 'Consulting firm equipment');
INSERT INTO INVOICES (INVOICE_DATE, CLIENT_NO, EMPLOYEEID, INVOICE_STATUS, INVOICEMEMO) VALUES (DATE '2024-03-25', 16, 6, 'Pending', 'Media production tools');
INSERT INTO INVOICES (INVOICE_DATE, CLIENT_NO, EMPLOYEEID, INVOICE_STATUS, INVOICEMEMO) VALUES (DATE '2024-04-01', 17, 6, 'Paid', 'Transportation logistics');
INSERT INTO INVOICES (INVOICE_DATE, CLIENT_NO, EMPLOYEEID, INVOICE_STATUS, INVOICEMEMO) VALUES (DATE '2024-04-05', 18, 6, 'Paid', 'Energy sector equipment');
INSERT INTO INVOICES (INVOICE_DATE, CLIENT_NO, EMPLOYEEID, INVOICE_STATUS, INVOICEMEMO) VALUES (DATE '2024-04-10', 19, 6, 'Pending', 'Restaurant POS system');
INSERT INTO INVOICES (INVOICE_DATE, CLIENT_NO, EMPLOYEEID, INVOICE_STATUS, INVOICEMEMO) VALUES (DATE '2024-04-15', 20, 6, 'Paid', 'Entertainment studio setup');

-- 8. Insert Invoice Details (Multiple items per invoice - 40 records total)
-- Invoice 1 details
INSERT INTO INVOICE_DETAILS (INVOICENO, PRODUCT_NO, QTY, PRICE) VALUES (1, 'LAPTOP001', 10, 1200.00);
INSERT INTO INVOICE_DETAILS (INVOICENO, PRODUCT_NO, QTY, PRICE) VALUES (1, 'MOUSE001', 10, 65.00);

-- Invoice 2 details
INSERT INTO INVOICE_DETAILS (INVOICENO, PRODUCT_NO, QTY, PRICE) VALUES (2, 'DESK001', 5, 800.00);
INSERT INTO INVOICE_DETAILS (INVOICENO, PRODUCT_NO, QTY, PRICE) VALUES (2, 'CHAIR001', 5, 350.00);

-- Invoice 3 details
INSERT INTO INVOICE_DETAILS (INVOICENO, PRODUCT_NO, QTY, PRICE) VALUES (3, 'TABLET001', 3, 400.00);
INSERT INTO INVOICE_DETAILS (INVOICENO, PRODUCT_NO, QTY, PRICE) VALUES (3, 'CLEAN001', 10, 40.00);

-- Invoice 4 details
INSERT INTO INVOICE_DETAILS (INVOICENO, PRODUCT_NO, QTY, PRICE) VALUES (4, 'SW001', 50, 300.00);
INSERT INTO INVOICE_DETAILS (INVOICENO, PRODUCT_NO, QTY, PRICE) VALUES (4, 'ROUTER001', 3, 450.00);

-- Invoice 5 details
INSERT INTO INVOICE_DETAILS (INVOICENO, PRODUCT_NO, QTY, PRICE) VALUES (5, 'PAPER001', 20, 12.00);
INSERT INTO INVOICE_DETAILS (INVOICENO, PRODUCT_NO, QTY, PRICE) VALUES (5, 'PEN001', 5, 35.00);

-- Invoice 6 details
INSERT INTO INVOICE_DETAILS (INVOICENO, PRODUCT_NO, QTY, PRICE) VALUES (6, 'PRINTER001', 2, 550.00);
INSERT INTO INVOICE_DETAILS (INVOICENO, PRODUCT_NO, QTY, PRICE) VALUES (6, 'PAPER001', 50, 12.00);

-- Invoice 7 details
INSERT INTO INVOICE_DETAILS (INVOICENO, PRODUCT_NO, QTY, PRICE) VALUES (7, 'DESK001', 3, 800.00);
INSERT INTO INVOICE_DETAILS (INVOICENO, PRODUCT_NO, QTY, PRICE) VALUES (7, 'LIGHT001', 6, 85.00);

-- Invoice 8 details
INSERT INTO INVOICE_DETAILS (INVOICENO, PRODUCT_NO, QTY, PRICE) VALUES (8, 'LAPTOP001', 15, 1200.00);
INSERT INTO INVOICE_DETAILS (INVOICENO, PRODUCT_NO, QTY, PRICE) VALUES (8, 'MONITOR001', 15, 250.00);

-- Invoice 9 details
INSERT INTO INVOICE_DETAILS (INVOICENO, PRODUCT_NO, QTY, PRICE) VALUES (9, 'HDD001', 2, 120.00);
INSERT INTO INVOICE_DETAILS (INVOICENO, PRODUCT_NO, QTY, PRICE) VALUES (9, 'CABLE001', 10, 8.00);

-- Invoice 10 details
INSERT INTO INVOICE_DETAILS (INVOICENO, PRODUCT_NO, QTY, PRICE) VALUES (10, 'ROUTER001', 2, 450.00);
INSERT INTO INVOICE_DETAILS (INVOICENO, PRODUCT_NO, QTY, PRICE) VALUES (10, 'SW001', 10, 300.00);

-- Invoice 11 details
INSERT INTO INVOICE_DETAILS (INVOICENO, PRODUCT_NO, QTY, PRICE) VALUES (11, 'PUMP001', 1, 850.00);
INSERT INTO INVOICE_DETAILS (INVOICENO, PRODUCT_NO, QTY, PRICE) VALUES (11, 'HELMET001', 20, 70.00);

-- Invoice 12 details
INSERT INTO INVOICE_DETAILS (INVOICENO, PRODUCT_NO, QTY, PRICE) VALUES (12, 'LAPTOP001', 8, 1200.00);
INSERT INTO INVOICE_DETAILS (INVOICENO, PRODUCT_NO, QTY, PRICE) VALUES (12, 'ROUTER001', 4, 450.00);

-- Invoice 13 details
INSERT INTO INVOICE_DETAILS (INVOICENO, PRODUCT_NO, QTY, PRICE) VALUES (13, 'SW001', 100, 300.00);
INSERT INTO INVOICE_DETAILS (INVOICENO, PRODUCT_NO, QTY, PRICE) VALUES (13, 'HDD001', 20, 120.00);

-- Invoice 14 details
INSERT INTO INVOICE_DETAILS (INVOICENO, PRODUCT_NO, QTY, PRICE) VALUES (14, 'DESK001', 10, 800.00);
INSERT INTO INVOICE_DETAILS (INVOICENO, PRODUCT_NO, QTY, PRICE) VALUES (14, 'CHAIR001', 10, 350.00);

-- Invoice 15 details
INSERT INTO INVOICE_DETAILS (INVOICENO, PRODUCT_NO, QTY, PRICE) VALUES (15, 'LAPTOP001', 6, 1200.00);
INSERT INTO INVOICE_DETAILS (INVOICENO, PRODUCT_NO, QTY, PRICE) VALUES (15, 'PRINTER001', 2, 550.00);

-- Invoice 16 details
INSERT INTO INVOICE_DETAILS (INVOICENO, PRODUCT_NO, QTY, PRICE) VALUES (16, 'MONITOR001', 12, 250.00);
INSERT INTO INVOICE_DETAILS (INVOICENO, PRODUCT_NO, QTY, PRICE) VALUES (16, 'LIGHT001', 12, 85.00);

-- Invoice 17 details
INSERT INTO INVOICE_DETAILS (INVOICENO, PRODUCT_NO, QTY, PRICE) VALUES (17, 'BOX001', 100, 18.00);
INSERT INTO INVOICE_DETAILS (INVOICENO, PRODUCT_NO, QTY, PRICE) VALUES (17, 'TIRE001', 8, 150.00);

-- Invoice 18 details
INSERT INTO INVOICE_DETAILS (INVOICENO, PRODUCT_NO, QTY, PRICE) VALUES (18, 'PUMP001', 2, 850.00);
INSERT INTO INVOICE_DETAILS (INVOICENO, PRODUCT_NO, QTY, PRICE) VALUES (18, 'CEMENT001', 50, 15.00);

-- Invoice 19 details
INSERT INTO INVOICE_DETAILS (INVOICENO, PRODUCT_NO, QTY, PRICE) VALUES (19, 'PRINTER001', 3, 550.00);
INSERT INTO INVOICE_DETAILS (INVOICENO, PRODUCT_NO, QTY, PRICE) VALUES (19, 'TABLET001', 5, 400.00);

-- Invoice 20 details
INSERT INTO INVOICE_DETAILS (INVOICENO, PRODUCT_NO, QTY, PRICE) VALUES (20, 'LAPTOP001', 20, 1200.00);
INSERT INTO INVOICE_DETAILS (INVOICENO, PRODUCT_NO, QTY, PRICE) VALUES (20, 'MONITOR001', 20, 250.00);

-- Display insertion summary
SELECT 'Sample data insertion completed successfully!' AS STATUS FROM DUAL;

-- Show record counts for all tables
SELECT 
    'CLIENT_TYPE' as TABLE_NAME,
    (SELECT COUNT(*) FROM Client_Type) as RECORD_COUNT
FROM DUAL
UNION ALL
SELECT 
    'CLIENTS' as TABLE_NAME,
    (SELECT COUNT(*) FROM Clients) as RECORD_COUNT
FROM DUAL
UNION ALL
SELECT 
    'PRODUCT_TYPE' as TABLE_NAME,
    (SELECT COUNT(*) FROM Product_Type) as RECORD_COUNT
FROM DUAL
UNION ALL
SELECT 
    'PRODUCTS' as TABLE_NAME,
    (SELECT COUNT(*) FROM Products) as RECORD_COUNT
FROM DUAL
UNION ALL
SELECT 
    'JOBS' as TABLE_NAME,
    (SELECT COUNT(*) FROM JOBS) as RECORD_COUNT
FROM DUAL
UNION ALL
SELECT 
    'EMPLOYEES' as TABLE_NAME,
    (SELECT COUNT(*) FROM Employees) as RECORD_COUNT
FROM DUAL
UNION ALL
SELECT 
    'INVOICES' as TABLE_NAME,
    (SELECT COUNT(*) FROM INVOICES) as RECORD_COUNT
FROM DUAL
UNION ALL
SELECT 
    'INVOICE_DETAILS' as TABLE_NAME,
    (SELECT COUNT(*) FROM INVOICE_DETAILS) as RECORD_COUNT
FROM DUAL
ORDER BY TABLE_NAME;

COMMIT;