-- Corrected Sample Data Script for Oracle Database
-- This script inserts test data using existing foreign key values

-- First, add more CLIENT_TYPE values to support our sample data
INSERT INTO CLIENT_TYPE (CLIENT_TYPE, TYPE_NAME, DISCOUNT_RATE, REMARKS) VALUES (1, 'Technology', 10.00, 'Technology companies');
INSERT INTO CLIENT_TYPE (CLIENT_TYPE, TYPE_NAME, DISCOUNT_RATE, REMARKS) VALUES (2, 'Healthcare', 12.00, 'Healthcare organizations');
INSERT INTO CLIENT_TYPE (CLIENT_TYPE, TYPE_NAME, DISCOUNT_RATE, REMARKS) VALUES (3, 'Education', 15.00, 'Educational institutions');
INSERT INTO CLIENT_TYPE (CLIENT_TYPE, TYPE_NAME, DISCOUNT_RATE, REMARKS) VALUES (4, 'Finance', 8.00, 'Financial services');
INSERT INTO CLIENT_TYPE (CLIENT_TYPE, TYPE_NAME, DISCOUNT_RATE, REMARKS) VALUES (5, 'Retail', 6.00, 'Retail businesses');
INSERT INTO CLIENT_TYPE (CLIENT_TYPE, TYPE_NAME, DISCOUNT_RATE, REMARKS) VALUES (6, 'Manufacturing', 9.00, 'Manufacturing companies');
INSERT INTO CLIENT_TYPE (CLIENT_TYPE, TYPE_NAME, DISCOUNT_RATE, REMARKS) VALUES (7, 'Consulting', 11.00, 'Consulting firms');
INSERT INTO CLIENT_TYPE (CLIENT_TYPE, TYPE_NAME, DISCOUNT_RATE, REMARKS) VALUES (8, 'Media', 7.00, 'Media and entertainment');

-- Add more PRODUCT_TYPE values to support our sample data
INSERT INTO PRODUCT_TYPE (PRODUCTTYPE_ID, PRODUCTTYPE_NAME, REMARKS) VALUES (1, 'Electronics', 'Electronic devices');
INSERT INTO PRODUCT_TYPE (PRODUCTTYPE_ID, PRODUCTTYPE_NAME, REMARKS) VALUES (7, 'Security', 'Security equipment');
INSERT INTO PRODUCT_TYPE (PRODUCTTYPE_ID, PRODUCTTYPE_NAME, REMARKS) VALUES (8, 'Printing', 'Printing equipment');
INSERT INTO PRODUCT_TYPE (PRODUCTTYPE_ID, PRODUCTTYPE_NAME, REMARKS) VALUES (9, 'Storage', 'Storage devices');
INSERT INTO PRODUCT_TYPE (PRODUCTTYPE_ID, PRODUCTTYPE_NAME, REMARKS) VALUES (10, 'Accessories', 'Computer accessories');
INSERT INTO PRODUCT_TYPE (PRODUCTTYPE_ID, PRODUCTTYPE_NAME, REMARKS) VALUES (11, 'Cables', 'Cables and connectors');
INSERT INTO PRODUCT_TYPE (PRODUCTTYPE_ID, PRODUCTTYPE_NAME, REMARKS) VALUES (12, 'Cleaning', 'Cleaning supplies');
INSERT INTO PRODUCT_TYPE (PRODUCTTYPE_ID, PRODUCTTYPE_NAME, REMARKS) VALUES (13, 'Lighting', 'Lighting equipment');
INSERT INTO PRODUCT_TYPE (PRODUCTTYPE_ID, PRODUCTTYPE_NAME, REMARKS) VALUES (14, 'Stationery', 'Office stationery');

-- Insert additional sample Clients using existing and new CLIENT_TYPE values
INSERT INTO Clients (CLIENTNAME, ADDRESS, CITY, PHONE, CLIENT_TYPE, DISCOUNT) VALUES ('Tech Innovations Inc', '123 Silicon Valley', 'San Francisco', '555-0101', 1, 5.00);
INSERT INTO Clients (CLIENTNAME, ADDRESS, CITY, PHONE, CLIENT_TYPE, DISCOUNT) VALUES ('City General Hospital', '456 Medical Center', 'Chicago', '555-0102', 2, 8.00);
INSERT INTO Clients (CLIENTNAME, ADDRESS, CITY, PHONE, CLIENT_TYPE, DISCOUNT) VALUES ('State University', '789 Campus Drive', 'Austin', '555-0103', 3, 12.00);
INSERT INTO Clients (CLIENTNAME, ADDRESS, CITY, PHONE, CLIENT_TYPE, DISCOUNT) VALUES ('First National Bank', '321 Finance District', 'New York', '555-0104', 4, 6.00);
INSERT INTO Clients (CLIENTNAME, ADDRESS, CITY, PHONE, CLIENT_TYPE, DISCOUNT) VALUES ('MegaMart Stores', '654 Retail Plaza', 'Los Angeles', '555-0105', 5, 4.00);
INSERT INTO Clients (CLIENTNAME, ADDRESS, CITY, PHONE, CLIENT_TYPE, DISCOUNT) VALUES ('Global Manufacturing', '987 Industrial Blvd', 'Detroit', '555-0106', 6, 7.00);
INSERT INTO Clients (CLIENTNAME, ADDRESS, CITY, PHONE, CLIENT_TYPE, DISCOUNT) VALUES ('Strategic Consulting', '147 Business Center', 'Seattle', '555-0107', 7, 9.00);
INSERT INTO Clients (CLIENTNAME, ADDRESS, CITY, PHONE, CLIENT_TYPE, DISCOUNT) VALUES ('Creative Media Group', '258 Entertainment Ave', 'Atlanta', '555-0108', 8, 5.50);
INSERT INTO Clients (CLIENTNAME, ADDRESS, CITY, PHONE, CLIENT_TYPE, DISCOUNT) VALUES ('Green Energy Corp', '369 Renewable Way', 'Phoenix', '555-0109', 1, 8.50);
INSERT INTO Clients (CLIENTNAME, ADDRESS, CITY, PHONE, CLIENT_TYPE, DISCOUNT) VALUES ('Metro School District', '741 Education Street', 'Denver', '555-0110', 3, 15.00);
INSERT INTO Clients (CLIENTNAME, ADDRESS, CITY, PHONE, CLIENT_TYPE, DISCOUNT) VALUES ('Regional Medical Center', '852 Health Plaza', 'Miami', '555-0111', 2, 10.00);
INSERT INTO Clients (CLIENTNAME, ADDRESS, CITY, PHONE, CLIENT_TYPE, DISCOUNT) VALUES ('Digital Solutions LLC', '963 Tech Park', 'San Jose', '555-0112', 1, 6.00);

-- Insert additional sample Products using existing and new PRODUCTTYPE values
INSERT INTO Products (PRODUCT_NO, PRODUCTNAME, PRODUCTTYPE, PROFIT_PERCENT, UNIT_MEASURE, REORDER_LEVEL, SELL_PRICE, COST_PRICE, QTY_ON_HAND) VALUES ('LAPTOP002', 'Gaming Laptop Pro', 1, 30.00, 'pieces', 8, 1500.00, 1153.85, 25);
INSERT INTO Products (PRODUCT_NO, PRODUCTNAME, PRODUCTTYPE, PROFIT_PERCENT, UNIT_MEASURE, REORDER_LEVEL, SELL_PRICE, COST_PRICE, QTY_ON_HAND) VALUES ('TABLET002', 'Business Tablet 12inch', 1, 25.00, 'pieces', 15, 600.00, 480.00, 40);
INSERT INTO Products (PRODUCT_NO, PRODUCTNAME, PRODUCTTYPE, PROFIT_PERCENT, UNIT_MEASURE, REORDER_LEVEL, SELL_PRICE, COST_PRICE, QTY_ON_HAND) VALUES ('MONITOR002', 'Curved Monitor 32inch', 1, 35.00, 'pieces', 10, 400.00, 296.30, 20);
INSERT INTO Products (PRODUCT_NO, PRODUCTNAME, PRODUCTTYPE, PROFIT_PERCENT, UNIT_MEASURE, REORDER_LEVEL, SELL_PRICE, COST_PRICE, QTY_ON_HAND) VALUES ('KEYBOARD001', 'Mechanical Keyboard RGB', 10, 50.00, 'pieces', 30, 120.00, 80.00, 75);
INSERT INTO Products (PRODUCT_NO, PRODUCTNAME, PRODUCTTYPE, PROFIT_PERCENT, UNIT_MEASURE, REORDER_LEVEL, SELL_PRICE, COST_PRICE, QTY_ON_HAND) VALUES ('WEBCAM001', 'HD Webcam 1080p', 1, 40.00, 'pieces', 25, 80.00, 57.14, 60);
INSERT INTO Products (PRODUCT_NO, PRODUCTNAME, PRODUCTTYPE, PROFIT_PERCENT, UNIT_MEASURE, REORDER_LEVEL, SELL_PRICE, COST_PRICE, QTY_ON_HAND) VALUES ('HEADSET001', 'Wireless Headset Pro', 10, 45.00, 'pieces', 20, 150.00, 103.45, 50);

-- Additional sample data for invoices using existing clients and employee
INSERT INTO INVOICES (INVOICE_DATE, CLIENT_NO, EMPLOYEEID, INVOICE_STATUS, INVOICEMEMO) VALUES (DATE '2024-05-01', 5, 6, 'Paid', 'Technology equipment order');
INSERT INTO INVOICES (INVOICE_DATE, CLIENT_NO, EMPLOYEEID, INVOICE_STATUS, INVOICEMEMO) VALUES (DATE '2024-05-05', 6, 6, 'Pending', 'Hospital equipment upgrade');
INSERT INTO INVOICES (INVOICE_DATE, CLIENT_NO, EMPLOYEEID, INVOICE_STATUS, INVOICEMEMO) VALUES (DATE '2024-05-10', 7, 6, 'Paid', 'University lab equipment');
INSERT INTO INVOICES (INVOICE_DATE, CLIENT_NO, EMPLOYEEID, INVOICE_STATUS, INVOICEMEMO) VALUES (DATE '2024-05-15', 8, 6, 'Overdue', 'Bank security system');

-- Sample Invoice Details using new products and invoices
INSERT INTO INVOICE_DETAILS (INVOICENO, PRODUCT_NO, QTY, PRICE) VALUES (5, 'LAPTOP002', 5, 1500.00);
INSERT INTO INVOICE_DETAILS (INVOICENO, PRODUCT_NO, QTY, PRICE) VALUES (5, 'MONITOR002', 5, 400.00);
INSERT INTO INVOICE_DETAILS (INVOICENO, PRODUCT_NO, QTY, PRICE) VALUES (6, 'TABLET002', 10, 600.00);
INSERT INTO INVOICE_DETAILS (INVOICENO, PRODUCT_NO, QTY, PRICE) VALUES (6, 'WEBCAM001', 10, 80.00);
INSERT INTO INVOICE_DETAILS (INVOICENO, PRODUCT_NO, QTY, PRICE) VALUES (7, 'KEYBOARD001', 20, 120.00);
INSERT INTO INVOICE_DETAILS (INVOICENO, PRODUCT_NO, QTY, PRICE) VALUES (7, 'HEADSET001', 15, 150.00);
INSERT INTO INVOICE_DETAILS (INVOICENO, PRODUCT_NO, QTY, PRICE) VALUES (8, 'LAPTOP002', 3, 1500.00);
INSERT INTO INVOICE_DETAILS (INVOICENO, PRODUCT_NO, QTY, PRICE) VALUES (8, 'MONITOR002', 3, 400.00);

-- Show final counts
SELECT 'Clients' as TABLE_NAME, COUNT(*) as RECORD_COUNT FROM CLIENTS
UNION ALL
SELECT 'Client_Type', COUNT(*) FROM CLIENT_TYPE
UNION ALL
SELECT 'Products', COUNT(*) FROM PRODUCTS
UNION ALL
SELECT 'Product_Type', COUNT(*) FROM PRODUCT_TYPE
UNION ALL
SELECT 'Employees', COUNT(*) FROM EMPLOYEES
UNION ALL
SELECT 'Jobs', COUNT(*) FROM JOBS
UNION ALL
SELECT 'Invoices', COUNT(*) FROM INVOICES
UNION ALL
SELECT 'Invoice_Details', COUNT(*) FROM INVOICE_DETAILS
ORDER BY TABLE_NAME;

COMMIT;

EXIT;